en,pos,tr,ex_en,ex_tr,note
absolutely,adv,абсолютно,,,
academic,adj,"академический, учебный",,,
access,n,доступ,,,
access,v,получать доступ,,,
accommodation,n,"жильё, проживание",,,
account,n,"счёт, аккаунт",,,
according to,prep,"согласно, по",,,
achievement,n,достижение,,,
ad,n,"реклама, объявление",,,
addition,n,"добавление, дополнение",,,
admire,v,восхищаться,,,
admit,v,"признавать, допускать",,,
advanced,adj,"продвинутый, усовершенствованный",,,
advise,v,советовать,,,
afford,v,позволить себе,,,
aged,adj,"пожилой, в возрасте",,,
agent,n,"агент, представитель",,,
agreement,n,"соглашение, договор",,,
ahead,adv,"впереди, вперёд",,,
aim,n,цель,,,
aim,v,"стремиться, целиться",,,
alarm,n,"будильник, сигнализация",,,
album,n,альбом,,,
alcohol,n,алкоголь,,,
alcoholic,adj,алкогольный,,,
alcoholic,n,алкоголик,,,
alternative,adj,альтернативный,,,
alternative,n,альтернатива,,,
amazed,adj,изумлённый,,,
ambition,n,"амбиция, честолюбие",,,
ambitious,adj,амбициозный,,,
announce,v,"объявлять, сообщать",,,
announcement,n,"объявление, сообщение",,,
annoy,v,раздражать,,,
annoyed,adj,раздражённый,,,
annoying,adj,"раздражающий, назойливый",,,
apart,adv,"отдельно, врозь",,,
apologise,v,извиняться,,,
application,n,"заявление, заявка, приложение",,,
appointment,n,"встреча, приём",,,
appreciate,v,ценить,,,
approximately,adv,приблизительно,,,
arrest,v,арестовывать,,,
arrival,n,прибытие,,,
assignment,n,"задание, поручение",,,
assist,v,"помогать, содействовать",,,
atmosphere,n,атмосфера,,,
attach,v,прикреплять,,,
attitude,n,"отношение, позиция",,,
attract,v,привлекать,,,
attraction,n,"достопримечательность, влечение",,,
authority,n,"власть, орган власти",,,
average,adj,средний,,,
average,n,среднее число,,,
award,n,"премия, награда",,,
award,v,награждать,,,
aware,adj,осведомлённый,,,
backwards,adv,"назад, задом наперёд",,,
bake,v,"печь, выпекать",,,
balance,n,баланс,,,
balance,v,уравновешивать,,,
ban,n,запрет,,,
ban,v,запрещать,,,
bank,n,берег реки,,,
base,n,"база, основа",,,
base,v,"основывать, базировать",,,
basic,adj,"базовый, основной",,,
battery,n,"батарейка, аккумулятор",,,
battle,n,битва,,,
beauty,n,красота,,,
bee,n,пчела,,,
behaviour,n,поведение,,,
belief,n,"вера, убеждение",,,
bell,n,"колокол, звонок",,,
bend,v,"сгибать, наклоняться",,,
benefit,v,получать пользу,,,
bite,v,кусать,,,
block,n,"блок, квартал",,,
block,v,блокировать,,,
board,v,садиться в транспорт,,,
bomb,n,бомба,,,
bomb,v,бомбить,,,
booking,n,бронирование,,,
border,n,граница,,,
bother,v,беспокоить,,,
branch,n,"ветка, филиал",,,
brand,n,"бренд, марка",,,
brave,adj,храбрый,,,
breath,n,"дыхание, вздох",,,
breathe,v,дышать,,,
breathing,n,дыхание,,,
bride,n,невеста,,,
bubble,n,пузырь,,,
burst,v,лопаться,,,
bury,v,"хоронить, закапывать",,,
calm,adj,спокойный,,,
campaign,n,кампания,,,
campus,n,"кампус, территория университета",,,
candidate,n,кандидат,,,
cap,n,"кепка, колпачок",,,
captain,n,капитан,,,
career,n,карьера,,,
careless,adj,"небрежный, беспечный",,,
category,n,категория,,,
ceiling,n,потолок,,,
celebration,n,празднование,,,
central,adj,центральный,,,
century,n,"век, столетие",,,
ceremony,n,церемония,,,
chain,n,"цепь, сеть",,,
challenge,n,"вызов, трудная задача",,,
challenge,v,бросать вызов,,,
champion,n,чемпион,,,
channel,n,канал,,,
chapter,n,глава,,,
charge,n,"плата, обвинение",,,
charge,v,"брать плату, обвинять",,,
cheat,v,"обманывать, жульничать",,,
cheerful,adj,жизнерадостный,,,
chemical,n,химикат,,,
chemical,adj,химический,,,
chest,n,"грудь, сундук",,,
childhood,n,детство,,,
claim,v,"утверждать, претендовать",,,
claim,n,"претензия, утверждение",,,
click,n,щелчок,,,
click,v,щёлкать,,,
client,n,клиент,,,
close,adj,близкий,,,
cloth,n,"ткань, тряпка",,,
clue,n,"улика, подсказка",,,
coach,n,"тренер, наставник",,,
coal,n,уголь,,,
collection,n,коллекция,,,
coloured,adj,цветной,,,
combine,v,объединять,,,
comment,v,комментировать,,,
commercial,adj,коммерческий,,,
commercial,n,рекламный ролик,,,
commit,v,"совершать, брать обязательство",,,
communication,n,"общение, коммуникация",,,
comparison,n,сравнение,,,
competitor,n,конкурент,,,
competitive,adj,конкурентоспособный,,,
complaint,n,жалоба,,,
complex,adj,сложный,,,
concentrate,v,сосредоточиваться,,,
conclude,v,"заключать, завершать",,,
confident,adj,уверенный,,,
confirm,v,подтверждать,,,
confuse,v,путать,,,
confused,adj,"смущённый, растерянный",,,
connection,n,"связь, соединение",,,
contact,v,связываться,,,
contact,n,контакт,,,
container,n,контейнер,,,
content,n,содержание,,,
continuous,adj,непрерывный,,,
contrast,n,контраст,,,
contrast,v,противопоставлять,,,
convenient,adj,удобный,,,
convince,v,убеждать,,,
copper,n,медь,,,
costume,n,костюм,,,
cottage,n,"коттедж, домик",,,
cotton,n,хлопок,,,
countryside,n,сельская местность,,,
court,n,"суд, корт",,,
cover,n,"обложка, крышка",,,
cover,v,покрывать,,,
covered,adj,покрытый,,,
create,v,создавать,,,
credit,n,кредит,,,
cruel,adj,жестокий,,,
cultural,adj,культурный,,,
culture,n,культура,,,
currency,n,валюта,,,
current,adj,текущий,,,
currently,adv,в настоящее время,,,
curtain,n,занавеска,,,
custom,n,"обычай, традиция",,,
damage,n,ущерб,,,
damage,v,повреждать,,,
deal,v,"иметь дело, справляться",,,
decade,n,десятилетие,,,
decorate,v,"украшать, делать ремонт",,,
deer,n,олень,,,
definite,adj,"определённый, чёткий",,,
deliver,v,доставлять,,,
departure,n,"отправление, отъезд",,,
desktop,n,рабочий стол,,,
despite,prep,несмотря на,,,
destination,n,пункт назначения,,,
determined,adj,"решительный, целеустремлённый",,,
development,n,развитие,,,
diagram,n,"диаграмма, схема",,,
diamond,n,"алмаз, бриллиант",,,
difficulty,n,трудность,,,
direct,v,"руководить, направлять",,,
direct,adj,прямой,,,
directly,adv,напрямую,,,
dirt,n,грязь,,,
disadvantage,n,недостаток,,,
disappointed,adj,разочарованный,,,
disappointing,adj,разочаровывающий,,,
discount,n,скидка,,,
discuss,v,обсуждать,,,
dislike,v,не любить,,,
divide,v,делить,,,
documentary,n,документальный фильм,,,
donate,v,жертвовать,,,
doubt,n,сомнение,,,
doubt,v,сомневаться,,,
dressed,adj,одетый,,,
drunk,adj,пьяный,,,
due,adj,"ожидаемый, положенный",,,
dust,n,пыль,,,
duty,n,"обязанность, долг",,,
earthquake,n,землетрясение,,,
eastern,adj,восточный,,,
economic,adj,экономический,,,
economy,n,экономика,,,
edge,n,край,,,
editor,n,редактор,,,
educate,v,"обучать, воспитывать",,,
educated,adj,образованный,,,
educational,adj,образовательный,,,
effect,n,"эффект, воздействие",,,
effective,adj,эффективный,,,
effectively,adv,эффективно,,,
effort,n,усилие,,,
election,n,выборы,,,
embarrassed,adj,смущённый,,,
embarrassing,adj,неловкий,,,
emergency,n,чрезвычайная ситуация,,,
emotion,n,эмоция,,,
employment,n,"занятость, трудоустройство",,,
encourage,v,"поощрять, вдохновлять",,,
enemy,n,враг,,,
engaged,adj,"помолвленный, занятый",,,
engineering,n,инженерия,,,
entertain,v,развлекать,,,
entertainment,n,развлечение,,,
entrance,n,вход,,,
entry,n,"вход, запись",,,
environment,n,окружающая среда,,,
environmental,adj,экологический,,,
episode,n,"эпизод, серия",,,
equal,adj,равный,,,
equally,adv,"поровну, одинаково",,,
escape,v,"сбежать, избежать",,,
essential,adj,"необходимый, существенный",,,
event,n,"событие, мероприятие",,,
eventually,adv,в конце концов,,,
examine,v,"осматривать, исследовать",,,
exchange,n,обмен,,,
exchange,v,обменивать,,,
excitement,n,"волнение, восторг",,,
exhibition,n,выставка,,,
expand,v,расширять,,,
expected,adj,ожидаемый,,,
expedition,n,экспедиция,,,
experienced,adj,опытный,,,
explode,v,взрываться,,,
explore,v,исследовать,,,
explosion,n,взрыв,,,
export,n,экспорт,,,
export,v,экспортировать,,,
face,v,сталкиваться,,,
fact,n,факт,,,
fairly,adv,"довольно, справедливо",,,
familiar,adj,знакомый,,,
fancy,v,"хотеть, нравиться",,,
fascinating,adj,увлекательный,,,
fashionable,adj,модный,,,
fasten,v,"застёгивать, закреплять",,,
favour,n,услуга,,,
fear,n,страх,,,
fear,v,бояться,,,
feature,n,"особенность, черта",,,
feature,v,"включать, отличаться",,,
feed,v,кормить,,,
fence,n,забор,,,
fighting,n,"бой, драка",,,
figure,n,"цифра, фигура",,,
file,n,"файл, папка",,,
file,v,подавать документ,,,
financial,adj,финансовый,,,
fine,n,штраф,,,
fitness,n,физическая форма,,,
fixed,adj,фиксированный,,,
flash,n,вспышка,,,
flood,n,наводнение,,,
flood,v,затоплять,,,
flour,n,мука,,,
flow,n,поток,,,
flow,v,течь,,,
fog,n,туман,,,
fold,v,складывать,,,
folk,n,"люди, народ",,,
following,adj,следующий,,,
following,prep,вслед за,,,
force,n,сила,,,
force,v,заставлять,,,
forever,adv,навсегда,,,
frame,n,"рама, каркас",,,
freeze,v,"замерзать, замораживать",,,
frequently,adv,часто,,,
friendship,n,дружба,,,
frighten,v,пугать,,,
frightened,adj,испуганный,,,
frightening,adj,пугающий,,,
frozen,adj,замороженный,,,
fry,v,жарить,,,
fuel,n,топливо,,,
function,n,функция,,,
function,v,функционировать,,,
fur,n,мех,,,
garage,n,гараж,,,
gather,v,собирать,,,
generally,adv,"обычно, в целом",,,
generation,n,поколение,,,
generous,adj,щедрый,,,
gentle,adj,"мягкий, нежный",,,
gentleman,n,джентльмен,,,
ghost,n,привидение,,,
giant,n,гигант,,,
giant,adj,гигантский,,,
gig,n,концерт,,,
glad,adj,рад,,,
global,adj,глобальный,,,
glove,n,перчатка,,,
goods,n,товары,,,
grade,n,"оценка, класс",,,
graduate,v,оканчивать учебное заведение,,,
grain,n,зерно,,,
grateful,adj,благодарный,,,
growth,n,рост,,,
guard,n,охранник,,,
guard,v,охранять,,,
guilty,adj,виновный,,,
hang,v,вешать,,,
happiness,n,счастье,,,
hardly,adv,едва,,,
headline,n,заголовок,,,
heating,n,отопление,,,
heavily,adv,"сильно, тяжело",,,
helicopter,n,вертолёт,,,
highlight,v,"подчёркивать, выделять",,,
highly,adv,"весьма, очень",,,
hire,v,"нанимать, брать напрокат",,,
hint,n,"намёк, подсказка",,,
hint,v,намекать,,,
historic,adj,"исторический, знаменательный",,,
historical,adj,исторический,,,
honest,adj,честный,,,
honey,n,мёд,,,
horrible,adj,ужасный,,,
horror,n,ужас,,,
host,n,"хозяин, ведущий",,,
host,v,"принимать, проводить",,,
however,adv,однако,,,
hunt,v,охотиться,,,
hurricane,n,ураган,,,
ignorant,adj,невежественный,,,
ignore,v,игнорировать,,,
illegal,adj,незаконный,,,
imaginary,adj,воображаемый,,,
immediate,adj,немедленный,,,
immigrant,n,иммигрант,,,
impact,n,"влияние, воздействие",,,
import,n,импорт,,,
import,v,импортировать,,,
importance,n,важность,,,
impression,n,впечатление,,,
impressive,adj,впечатляющий,,,
improve,v,улучшать,,,
improvement,n,улучшение,,,
incredibly,adv,невероятно,,,
indeed,adv,действительно,,,
indicate,v,указывать,,,
indirect,adj,косвенный,,,
indoor,adj,"внутренний, в помещении",,,
indoors,adv,в помещении,,,
infant,n,младенец,,,
influence,n,влияние,,,
influence,v,влиять,,,
ingredient,n,ингредиент,,,
injure,v,ранить,,,
injured,adj,раненый,,,
innocent,adj,невинный,,,
intelligence,n,"интеллект, разведка",,,
intend,v,намереваться,,,
intention,n,намерение,,,
invest,v,инвестировать,,,
investigate,v,расследовать,,,
involved,adj,вовлечённый,,,
iron,n,"железо, утюг",,,
iron,v,гладить,,,
issue,n,"вопрос, проблема",,,
it,n,информационные технологии,,,
journal,n,"журнал, дневник",,,
judge,n,судья,,,
judge,v,судить,,,
keen,adj,увлечённый,,,
key,adj,"ключевой, главный",,,
keyboard,n,клавиатура,,,
killing,n,убийство,,,
kind,adj,добрый,,,
kingdom,n,королевство,,,
label,n,"этикетка, ярлык",,,
label,v,"называть, маркировать",,,
laboratory,n,лаборатория,,,
lack,n,нехватка,,,
lack,v,не хватать,,,
latest,adj,"последний, новейший",,,
lay,v,класть,,,
layer,n,слой,,,
lead,n,свинец,,,
leading,adj,ведущий,,,
leaf,n,лист,,,
leather,n,кожа,,,
legal,adj,"законный, юридический",,,
leisure,n,досуг,,,
length,n,длина,,,
level,n,уровень,,,
level,v,выравнивать,,,
lie,v,лгать,,,
limit,n,предел,,,
limit,v,ограничивать,,,
lip,n,губа,,,
liquid,n,жидкость,,,
literature,n,литература,,,
living,n,средства к существованию,,,
living,adj,живой,,,
locate,v,"располагать, находить",,,
located,adj,расположенный,,,
location,n,местоположение,,,
log,n,"журнал, запись",,,
lonely,adj,одинокий,,,
loss,n,потеря,,,
luxury,n,роскошь,,,
mad,adj,"безумный, сердитый",,,
magic,n,магия,,,
mainly,adv,главным образом,,,
mall,n,торговый центр,,,
management,n,"управление, менеджмент",,,
marketing,n,маркетинг,,,
marriage,n,брак,,,
material,n,материал,,,
meanwhile,adv,тем временем,,,
measure,n,мера,,,
measure,v,измерять,,,
medium,adj,средний,,,
mental,adj,умственный,,,
mess,n,беспорядок,,,
mild,adj,"мягкий, умеренный",,,
mill,n,"мельница, завод",,,
mine,n,"шахта, рудник",,,
mix,v,смешивать,,,
mixture,n,смесь,,,
model,n,модель,,,
mood,n,настроение,,,
mud,n,грязь,,,
murder,n,убийство,,,
murder,v,убивать,,,
muscle,n,мышца,,,
mystery,n,тайна,,,
nail,n,"ноготь, гвоздь",,,
narrative,n,повествование,,,
nation,n,нация,,,
native,adj,родной,,,
native,n,уроженец,,,
naturally,adv,естественно,,,
necessarily,adv,обязательно,,,
needle,n,игла,,,
negative,adj,отрицательный,,,
neighbourhood,n,"район, окрестности",,,
neither,conj,ни,,,
neither,det,ни один из,,,
neither,pron,ни тот ни другой,,,
nor,conj,ни,,,
normal,adj,обычный,,,
normal,n,норма,,,
northern,adj,северный,,,
note,v,отмечать,,,
nuclear,adj,ядерный,,,
obvious,adj,очевидный,,,
obviously,adv,очевидно,,,
occasion,n,"случай, повод",,,
occur,v,происходить,,,
odd,adj,странный,,,
official,adj,официальный,,,
old-fashioned,adj,старомодный,,,
once,conj,как только,,,
opinion,n,мнение,,,
operation,n,операция,,,
opportunity,n,возможность,,,
organised,adj,организованный,,,
organiser,n,организатор,,,
original,adj,оригинальный,,,
originally,adv,первоначально,,,
ought to,v,"следует, должен",,,
ours,pron,наш,,,
outdoor,adj,"наружный, на открытом воздухе",,,
outdoors,adv,на улице,,,
package,n,"пакет, посылка",,,
pad,n,"блокнот, подушечка",,,
painful,adj,болезненный,,,
pale,adj,бледный,,,
pan,n,сковорода,,,
participate,v,участвовать,,,
particularly,adv,особенно,,,
passion,n,страсть,,,
path,n,"тропа, путь",,,
payment,n,оплата,,,
peaceful,adj,мирный,,,
percentage,n,процент,,,
perfectly,adv,идеально,,,
performance,n,"представление, эффективность",,,
personally,adv,лично,,,
pessimistic,adj,пессимистичный,,,
persuade,v,убеждать,,,
photographer,n,фотограф,,,
photography,n,фотография,,,
pin,n,булавка,,,
pin,v,прикалывать,,,
pipe,n,труба,,,
planning,n,планирование,,,
pleasant,adj,приятный,,,
pleasure,n,удовольствие,,,
plenty,pron,"много, достаточно",,,
plot,n,"сюжет, участок",,,
plus,prep,плюс,,,
plus,conj,и к тому же,,,
poem,n,стихотворение,,,
poet,n,поэт,,,
poetry,n,поэзия,,,
point,v,указывать,,,
poison,n,яд,,,
poison,v,отравлять,,,
poisonous,adj,ядовитый,,,
policy,n,политика,,,
political,adj,политический,,,
politician,n,политик,,,
politics,n,политика,,,
port,n,порт,,,
portrait,n,портрет,,,
position,n,"позиция, положение",,,
positive,adj,положительный,,,
possibly,adv,возможно,,,
pot,n,"горшок, кастрюля",,,
pour,v,наливать,,,
poverty,n,бедность,,,
powder,n,порошок,,,
power,n,"сила, власть",,,
powerful,adj,мощный,,,
practical,adj,практичный,,,
pray,v,молиться,,,
prayer,n,молитва,,,
prediction,n,предсказание,,,
prepared,adj,подготовленный,,,
presentation,n,презентация,,,
press,n,пресса,,,
pressure,n,давление,,,
pretend,v,притворяться,,,
previous,adj,предыдущий,,,
previously,adv,ранее,,,
priest,n,священник,,,
primary,adj,"первичный, начальный",,,
prince,n,принц,,,
princess,n,принцесса,,,
printing,n,печать,,,
prisoner,n,заключённый,,,
private,adj,частный,,,
probably,adv,вероятно,,,
process,n,процесс,,,
produce,v,производить,,,
producer,n,производитель,,,
product,n,продукт,,,
production,n,производство,,,
profession,n,профессия,,,
profit,n,прибыль,,,
project,n,проект,,,
promote,v,продвигать,,,
proper,adj,"правильный, подходящий",,,
properly,adv,правильно,,,
property,n,собственность,,,
protest,n,протест,,,
protest,v,протестовать,,,
proud,adj,гордый,,,
prove,v,доказывать,,,
pump,v,качать,,,
punch,v,ударять кулаком,,,
punish,v,наказывать,,,
punishment,n,наказание,,,
qualification,n,квалификация,,,
qualified,adj,квалифицированный,,,
qualify,v,получать квалификацию,,,
queue,n,очередь,,,
queue,v,стоять в очереди,,,
quit,v,"бросать, увольняться",,,
quotation,n,цитата,,,
quote,n,цитата,,,
quote,v,цитировать,,,
race,n,раса,,,
racing,n,гонки,,,
range,n,диапазон,,,
rare,adj,редкий,,,
rarely,adv,редко,,,
reaction,n,реакция,,,
reality,n,реальность,,,
receipt,n,"чек, квитанция",,,
recommendation,n,рекомендация,,,
reference,n,"ссылка, упоминание",,,
reflect,v,отражать,,,
regularly,adv,регулярно,,,
reject,v,отвергать,,,
relate,v,"относиться, рассказывать",,,
related,adj,связанный,,,
relation,n,"отношение, родственник",,,
relative,n,родственник,,,
relaxed,adj,расслабленный,,,
relaxing,adj,расслабляющий,,,
release,v,выпускать,,,
reliable,adj,надёжный,,,
religion,n,религия,,,
religious,adj,религиозный,,,
remain,v,оставаться,,,
remind,v,напоминать,,,
remote,adj,удалённый,,,
rent,n,арендная плата,,,
rent,v,арендовать,,,
repeated,adj,повторный,,,
represent,v,представлять,,,
require,v,требовать,,,
reservation,n,"бронирование, оговорка",,,
resource,n,ресурс,,,
respect,n,уважение,,,
respect,v,уважать,,,
response,n,"ответ, реакция",,,
responsibility,n,ответственность,,,
responsible,adj,ответственный,,,
result,n,результат,,,
retire,v,выходить на пенсию,,,
retired,adj,на пенсии,,,
revise,v,"повторять, пересматривать",,,
rifle,n,винтовка,,,
rise,v,подниматься,,,
risk,n,риск,,,
risk,v,рисковать,,,
robot,n,робот,,,
roll,v,катиться,,,
romantic,adj,романтический,,,
rope,n,верёвка,,,
rough,adj,"грубый, неровный",,,
row,n,ряд,,,
royal,adj,королевский,,,
rugby,n,регби,,,
rule,v,править,,,
safety,n,безопасность,,,
sailor,n,моряк,,,
sample,n,образец,,,
sand,n,песок,,,
scan,v,сканировать,,,
scientific,adj,научный,,,
script,n,сценарий,,,
sculpture,n,скульптура,,,
secondary,adj,"средний, вторичный",,,
security,n,безопасность,,,
seed,n,семя,,,
sensible,adj,разумный,,,
separate,v,отделять,,,
seriously,adv,серьёзно,,,
servant,n,слуга,,,
set,v,"класть, ставить",,,
set,n,"набор, комплект",,,
setting,n,"обстановка, сеттинг",,,
sex,n,пол,,,
sexual,adj,сексуальный,,,
sharp,adj,острый,,,
shelf,n,полка,,,
shell,n,"раковина, скорлупа",,,
shift,n,"сдвиг, смена",,,
shift,v,сдвигать,,,
shine,v,сиять,,,
shiny,adj,блестящий,,,
shoot,v,стрелять,,,
shock,n,шок,,,
shock,v,шокировать,,,
shot,n,выстрел,,,
shy,adj,застенчивый,,,
sight,n,"зрелище, зрение",,,
signal,n,сигнал,,,
silent,adj,"тихий, молчаливый",,,
silly,adj,глупый,,,
similarity,n,сходство,,,
similarly,adv,аналогично,,,
simply,adv,просто,,,
since,conj,"с тех пор, поскольку",,,
sink,v,тонуть,,,
skill,n,навык,,,
skip,v,пропускать,,,
slam,v,хлопать дверью,,,
slap,v,шлёпать,,,
slice,n,ломтик,,,
slice,v,нарезать,,,
slightly,adv,немного,,,
smart,adj,умный,,,
smooth,adj,гладкий,,,
society,n,общество,,,
software,n,программное обеспечение,,,
soil,n,почва,,,
solid,adj,твёрдый,,,
solve,v,решать,,,
sort,v,сортировать,,,
southern,adj,южный,,,
spam,n,спам,,,
specifically,adv,"специально, конкретно",,,
speed,n,скорость,,,
spending,n,расходы,,,
spicy,adj,"острый, пряный",,,
spirit,n,дух,,,
spoken,adj,устный,,,
spot,n,"место, пятно",,,
spot,v,заметить,,,
spread,v,распространять,,,
spring,n,"источник, родник",,,
spy,n,шпион,,,
spy,v,шпионить,,,
stadium,n,стадион,,,
staff,n,персонал,,,
standard,n,стандарт,,,
standard,adj,стандартный,,,
state,v,заявлять,,,
statue,n,статуя,,,
stick,v,приклеивать,,,
stick,n,палка,,,
store,v,хранить,,,
stranger,n,незнакомец,,,
strength,n,сила,,,
string,n,"верёвка, струна",,,
strongly,adv,сильно,,,
studio,n,студия,,,
stuff,n,"вещи, материал",,,
successfully,adv,успешно,,,
sudden,adj,внезапный,,,
suffer,v,страдать,,,
suit,v,подходить,,,
suitable,adj,подходящий,,,
success,n,успех,,,
summarise,v,резюмировать,,,
summary,n,краткое содержание,,,
supply,n,"запас, поставка",,,
supply,v,снабжать,,,
supporter,n,"болельщик, сторонник",,,
surely,adv,несомненно,,,
surface,n,поверхность,,,
survive,v,выживать,,,
survey,n,опрос,,,
switch,n,выключатель,,,
switch,v,переключать,,,
sword,n,меч,,,
symptom,n,симптом,,,
tail,n,хвост,,,
talent,n,талант,,,
talented,adj,талантливый,,,
tape,n,"лента, плёнка",,,
tax,n,налог,,,
technical,adj,технический,,,
technique,n,"техника, метод",,,
tend,v,иметь склонность,,,
theme,n,тема,,,
though,adv,впрочем,,,
though,conj,хотя,,,
throat,n,горло,,,
throughout,prep,"по всей, на протяжении",,,
throughout,adv,всюду,,,
tight,adj,"тесный, тугой",,,
till,conj,пока не,,,
till,prep,до,,,
tin,n,"жесть, консерва",,,
tiny,adj,крошечный,,,
tongue,n,язык,,,
topic,n,тема,,,
total,adj,"общий, полный",,,
total,n,итог,,,
totally,adv,полностью,,,
trade,n,торговля,,,
trade,v,торговать,,,
trailer,n,"трейлер, прицеп",,,
translate,v,переводить,,,
translation,n,перевод,,,
treat,v,"лечить, обращаться",,,
treatment,n,лечение,,,
trend,n,"тренд, тенденция",,,
trick,n,трюк,,,
trick,v,обманывать,,,
truth,n,правда,,,
tube,n,трубка,,,
turtle,n,черепаха,,,
type,v,печатать,,,
typically,adv,обычно,,,
tyre,n,шина,,,
ugly,adj,уродливый,,,
unable,adj,неспособный,,,
uncomfortable,adj,неудобный,,,
underwear,n,нижнее бельё,,,
unemployed,adj,безработный,,,
unemployment,n,безработица,,,
unfair,adj,несправедливый,,,
union,n,"союз, профсоюз",,,
unless,conj,если не,,,
unlike,prep,в отличие от,,,
unlikely,adj,маловероятный,,,
unnecessary,adj,ненужный,,,
unpleasant,adj,неприятный,,,
update,v,обновлять,,,
upon,prep,"на, над",,,
upset,v,расстраивать,,,
used,adj,бывший в употреблении,,,
valuable,adj,ценный,,,
value,n,"ценность, стоимость",,,
various,adj,различный,,,
vehicle,n,транспортное средство,,,
version,n,версия,,,
victim,n,жертва,,,
viewer,n,зритель,,,
violent,adj,"жестокий, насильственный",,,
volunteer,n,волонтёр,,,
volunteer,v,вызваться добровольно,,,
vote,n,голосование,,,
vote,v,голосовать,,,
warn,v,предупреждать,,,
warning,n,предупреждение,,,
waste,n,"отходы, трата",,,
waste,v,тратить впустую,,,
weapon,n,оружие,,,
weigh,v,весить,,,
western,adj,западный,,,
whale,n,кит,,,
whatever,pron,"что бы ни, какой бы ни",,,
abandon,v,"бросать, покидать",,,
absent,adj,отсутствующий,,,
absolute,adj,абсолютный,,,
absorb,v,"поглощать, впитывать",,,
abstract,adj,абстрактный,,,
accent,n,акцент,,,
acceptable,adj,приемлемый,,,
accidentally,adv,случайно,,,
accommodate,v,"размещать, вмещать",,,
accompany,v,сопровождать,,,
accomplish,v,"выполнять, достигать",,,
account for,v,"объяснять, составлять долю",,,
accountant,n,бухгалтер,,,
accuracy,n,точность,,,
accurate,adj,точный,,,
accurately,adv,точно,,,
accuse,v,обвинять,,,
acknowledge,v,признавать,,,
acquire,v,приобретать,,,
acre,n,акр,,,
activate,v,активировать,,,
actual,adj,фактический,,,
adapt,v,адаптировать,,,
addiction,n,зависимость,,,
additional,adj,дополнительный,,,
additionally,adv,дополнительно,,,
address,v,"адресовать, решать вопрос",,,
adequate,adj,"достаточный, адекватный",,,
adequately,adv,достаточно,,,
adjust,v,"регулировать, подстраивать",,,
administration,n,администрация,,,
adopt,v,"принимать, усыновлять",,,
advance,n,"продвижение, аванс",,,
advance,v,продвигаться,,,
affair,n,"дело, роман",,,
affordable,adj,доступный по цене,,,
afterwards,adv,"после, затем",,,
agency,n,агентство,,,
agenda,n,повестка дня,,,
aggressive,adj,агрессивный,,,
agriculture,n,сельское хозяйство,,,
aid,n,помощь,,,
aid,v,помогать,,,
aids,n,СПИД,,,
aircraft,n,воздушное судно,,,
alarm,v,"тревожить, беспокоить",,,
alien,n,"инопланетянин, чужестранец",,,
alien,adj,чужой,,,
alongside,prep,рядом с,,,
alter,v,изменять,,,
altogether,adv,"в целом, совершенно",,,
ambulance,n,скорая помощь,,,
amusing,adj,забавный,,,
analyse,v,анализировать,,,
analysis,n,анализ,,,
analyst,n,аналитик,,,
ancestor,n,предок,,,
angel,n,ангел,,,
anger,n,гнев,,,
angle,n,угол,,,
animation,n,анимация,,,
anniversary,n,годовщина,,,
annual,adj,ежегодный,,,
annually,adv,ежегодно,,,
anticipate,v,"ожидать, предвидеть",,,
anxiety,n,тревога,,,
anxious,adj,тревожный,,,
apology,n,извинение,,,
apparent,adj,очевидный,,,
apparently,adv,по-видимому,,,
appeal,n,"призыв, привлекательность",,,
appeal,v,"обращаться, привлекать",,,
applicant,n,"кандидат, заявитель",,,
approach,n,подход,,,
approach,v,приближаться,,,
appropriate,adj,"подходящий, уместный",,,
appropriately,adv,уместно,,,
approval,n,одобрение,,,
approve,v,одобрять,,,
arise,v,возникать,,,
armed,adj,вооружённый,,,
arms,n,оружие,,,
arrow,n,стрела,,,
artificial,adj,искусственный,,,
artistic,adj,художественный,,,
artwork,n,"иллюстрации, оформление",,,
ashamed,adj,пристыженный,,,
aspect,n,аспект,,,
assess,v,оценивать,,,
assessment,n,оценка,,,
asset,n,актив,,,
assign,v,"назначать, поручать",,,
assistance,n,помощь,,,
associate,v,"ассоциировать, связывать",,,
associated,adj,связанный,,,
association,n,ассоциация,,,
assume,v,предполагать,,,
assumption,n,предположение,,,
assure,v,заверять,,,
astonishing,adj,поразительный,,,
athletic,adj,атлетический,,,
attachment,n,"вложение, привязанность",,,
attempt,n,попытка,,,
attempt,v,пытаться,,,
audio,adj,"аудио-, звуковой",,,
awareness,n,осведомлённость,,,
awkward,adj,"неловкий, неудобный",,,
bacteria,n,бактерии,,,
badge,n,значок,,,
balanced,adj,сбалансированный,,,
ballet,n,балет,,,
balloon,n,воздушный шар,,,
barely,adv,едва,,,
bargain,n,выгодная покупка,,,
barrier,n,"барьер, препятствие",,,
based on,adj,основанный на,,,
basement,n,подвал,,,
basically,adv,в основном,,,
basis,n,основа,,,
basket,n,корзина,,,
bat,n,"летучая мышь, бита",,,
bear,v,"выносить, терпеть",,,
beg,v,умолять,,,
being,n,существо,,,
beneficial,adj,полезный,,,
bent,adj,согнутый,,,
beside,prep,рядом с,,,
besides,prep,кроме,,,
besides,adv,кроме того,,,
bet,v,держать пари,,,
beyond,prep,за пределами,,,
beyond,adv,дальше,,,
bias,n,предвзятость,,,
bid,v,предлагать цену,,,
biological,adj,биологический,,,
bitter,adj,горький,,,
blame,n,вина,,,
blame,v,винить,,,
blanket,n,одеяло,,,
blind,adj,слепой,,,
bold,adj,смелый,,,
bombing,n,бомбардировка,,,
bond,n,"связь, узы",,,
boost,v,"повышать, стимулировать",,,
bound,adj,"обязанный, направляющийся",,,
breast,n,грудь,,,
brick,n,кирпич,,,
brief,adj,краткий,,,
briefly,adv,кратко,,,
broad,adj,широкий,,,
broadcast,n,трансляция,,,
broadcast,v,транслировать,,,
broadcaster,n,"вещатель, телеведущий",,,
broadly,adv,в широком смысле,,,
buck,n,доллар,,,
budget,n,бюджет,,,
bug,n,"жук, ошибка",,,
bullet,n,пуля,,,
bunch,n,"пучок, связка",,,
bush,n,куст,,,
but,prep,кроме,,,
cabin,n,"каюта, хижина",,,
cable,n,"кабель, трос",,,
calculate,v,вычислять,,,
canal,n,канал,,,
cancel,v,отменять,,,
cancer,n,рак,,,
candle,n,свеча,,,
capable,adj,способный,,,
capacity,n,"вместимость, способность",,,
capture,v,захватывать,,,
carbon,n,углерод,,,
cast,n,актёрский состав,,,
cast,v,"бросать, отливать",,,
casual,adj,повседневный,,,
catastrophe,n,катастрофа,,,
cave,n,пещера,,,
cell,n,"клетка, ячейка",,,
certainty,n,уверенность,,,
certificate,n,"сертификат, свидетельство",,,
chairman,n,председатель,,,
challenging,adj,"трудный, требующий усилий",,,
championship,n,чемпионат,,,
characteristic,n,характеристика,,,
charming,adj,обаятельный,,,
chase,v,преследовать,,,
cheek,n,щека,,,
cheer,v,подбадривать,,,
chief,adj,главный,,,
chief,n,"начальник, вождь",,,
chop,v,рубить,,,
circuit,n,"цепь, трасса",,,
circumstance,n,обстоятельство,,,
cite,v,цитировать,,,
citizen,n,гражданин,,,
civil,adj,гражданский,,,
civilization,n,цивилизация,,,
clarify,v,прояснять,,,
classic,adj,классический,,,
classic,n,классика,,,
classify,v,классифицировать,,,
clause,n,"пункт, придаточное предложение",,,
cliff,n,утёс,,,
clinic,n,клиника,,,
clip,n,"клип, зажим",,,
closely,adv,"внимательно, тесно",,,
coincidence,n,совпадение,,,
collapse,v,"обрушиваться, падать",,,
collector,n,коллекционер,,,
colony,n,колония,,,
colourful,adj,красочный,,,
combination,n,комбинация,,,
comfort,n,"комфорт, утешение",,,
comic,adj,комический,,,
comic,n,комикс,,,
command,n,команда,,,
command,v,командовать,,,
commander,n,командир,,,
commission,n,комиссия,,,
commitment,n,обязательство,,,
committee,n,комитет,,,
commonly,adv,обычно,,,
comparative,adj,сравнительный,,,
completion,n,завершение,,,
complicated,adj,сложный,,,
component,n,компонент,,,
compose,v,"сочинять, составлять",,,
composer,n,композитор,,,
compound,n,"соединение, состав",,,
comprehensive,adj,всесторонний,,,
compulsory,adj,обязательный,,,
concentration,n,концентрация,,,
concept,n,"понятие, концепция",,,
concern,n,"беспокойство, интерес",,,
concern,v,"касаться, беспокоить",,,
concerned,adj,обеспокоенный,,,
conclusion,n,вывод,,,
concrete,adj,"бетонный, конкретный",,,
concrete,n,бетон,,,
conduct,v,проводить,,,
confess,v,признаваться,,,
confidence,n,"уверенность, доверие",,,
conflict,n,конфликт,,,
confusing,adj,запутанный,,,
confusion,n,замешательство,,,
conscious,adj,сознательный,,,
consequence,n,последствие,,,
consequently,adv,следовательно,,,
conservation,n,охрана природы,,,
conservative,adj,консервативный,,,
conservative,n,консерватор,,,
considerable,adj,значительный,,,
considerably,adv,значительно,,,
consideration,n,рассмотрение,,,
consist of,v,состоять из,,,
consistent,adj,последовательный,,,
consistently,adv,последовательно,,,
conspiracy,n,заговор,,,
constant,adj,постоянный,,,
constantly,adv,постоянно,,,
construct,v,"строить, конструировать",,,
construction,n,строительство,,,
consult,v,консультироваться,,,
consultant,n,консультант,,,
consumer,n,потребитель,,,
consumption,n,потребление,,,
contemporary,adj,современный,,,
contest,n,"конкурс, соревнование",,,
context,n,контекст,,,
contract,n,"договор, контракт",,,
contribute,v,вносить вклад,,,
contribution,n,вклад,,,
controversial,adj,спорный,,,
controversy,n,"спор, полемика",,,
convenience,n,удобство,,,
convention,n,"соглашение, съезд",,,
conventional,adj,традиционный,,,
convert,v,преобразовывать,,,
convey,v,передавать,,,
convinced,adj,убеждённый,,,
convincing,adj,убедительный,,,
cope,v,справляться,,,
core,n,ядро,,,
core,adj,основной,,,
corporate,adj,корпоративный,,,
corporation,n,корпорация,,,
corridor,n,коридор,,,
council,n,совет,,,
counter,n,"прилавок, стойка",,,
county,n,графство,,,
courage,n,мужество,,,
coverage,n,"освещение, охват",,,
cowboy,n,ковбой,,,
crack,v,"трескаться, ломаться",,,
crash,n,"авария, крушение",,,
crash,v,разбиваться,,,
creation,n,создание,,,
creativity,n,креативность,,,
creature,n,существо,,,
crew,n,"команда, экипаж",,,
crisis,n,кризис,,,
critic,n,критик,,,
critical,adj,критический,,,
critically,adv,критически,,,
criticism,n,критика,,,
criticise,v,критиковать,,,
crop,n,урожай,,,
crucial,adj,решающий,,,
cruise,n,круиз,,,
cue,n,"подсказка, сигнал",,,
cure,n,лекарство,,,
cure,v,лечить,,,
curious,adj,любопытный,,,
curriculum,n,учебный план,,,
curve,n,"кривая, изгиб",,,
curve,v,изгибать,,,
curved,adj,изогнутый,,,
dairy,n,молочная ферма,,,
dairy,adj,молочный,,,
dare,v,сметь,,,
darkness,n,темнота,,,
data,n,данные,,,
database,n,база данных,,,
deadline,n,крайний срок,,,
deadly,adj,смертельный,,,
dealer,n,"дилер, торговец",,,
debate,n,дебаты,,,
debate,v,обсуждать,,,
debt,n,долг,,,
decent,adj,приличный,,,
deck,n,палуба,,,
declare,v,объявлять,,,
decline,n,"снижение, упадок",,,
decline,v,"снижаться, отклонять",,,
decoration,n,украшение,,,
decrease,v,уменьшаться,,,
decrease,n,уменьшение,,,
deeply,adv,глубоко,,,
defeat,n,поражение,,,
defeat,v,побеждать,,,
defence,n,"оборона, защита",,,
defend,v,защищать,,,
defender,n,защитник,,,
define,v,определять,,,
definition,n,определение,,,
delay,n,задержка,,,
delay,v,задерживать,,,
delete,v,удалять,,,
deliberate,adj,намеренный,,,
deliberately,adv,намеренно,,,
delight,n,восторг,,,
delighted,adj,в восторге,,,
delivery,n,доставка,,,
demand,n,"спрос, требование",,,
demand,v,требовать,,,
democracy,n,демократия,,,
democratic,adj,демократический,,,
demonstrate,v,демонстрировать,,,
demonstration,n,демонстрация,,,
deny,v,отрицать,,,
depart,v,отправляться,,,
dependent,adj,зависимый,,,
deposit,n,"депозит, залог",,,
deposit,v,"вносить, класть",,,
depressed,adj,подавленный,,,
depressing,adj,удручающий,,,
depression,n,депрессия,,,
depth,n,глубина,,,
derive,v,"извлекать, происходить",,,
deserve,v,заслуживать,,,
desire,n,желание,,,
desire,v,желать,,,
desperate,adj,отчаянный,,,
desperately,adv,отчаянно,,,
destruction,n,разрушение,,,
detailed,adj,подробный,,,
detect,v,обнаруживать,,,
determine,v,определять,,,
determination,n,решимость,,,
devil,n,дьявол,,,
devote,v,посвящать,,,
differ,v,отличаться,,,
dig,v,копать,,,
dime,n,монета в десять центов,,,
disability,n,инвалидность,,,
disabled,adj,с ограниченными возможностями,,,
disagreement,n,разногласие,,,
disappoint,v,разочаровывать,,,
disappointment,n,разочарование,,,
disc,n,диск,,,
discipline,n,дисциплина,,,
discourage,v,отбивать желание,,,
dishonest,adj,нечестный,,,
dismiss,v,"увольнять, отклонять",,,
disorder,n,"беспорядок, расстройство",,,
display,n,"демонстрация, дисплей",,,
display,v,показывать,,,
distant,adj,далёкий,,,
distinct,adj,"отчётливый, отдельный",,,
distinguish,v,различать,,,
distract,v,отвлекать,,,
distribute,v,распространять,,,
distribution,n,распределение,,,
district,n,"район, округ",,,
disturb,v,беспокоить,,,
dive,v,нырять,,,
diverse,adj,разнообразный,,,
diversity,n,разнообразие,,,
division,n,"деление, подразделение",,,
divorce,n,развод,,,
divorce,v,разводиться,,,
document,n,документ,,,
document,v,документировать,,,
domestic,adj,"внутренний, домашний",,,
dominant,adj,доминирующий,,,
dominate,v,доминировать,,,
donation,n,пожертвование,,,
dot,n,точка,,,
downwards,adv,вниз,,,
dozen,n,дюжина,,,
draft,n,"черновик, проект",,,
draft,v,"составлять, призывать",,,
drag,v,тащить,,,
dramatic,adj,драматический,,,
dramatically,adv,"резко, драматически",,,
drought,n,засуха,,,
dull,adj,"скучный, тусклый",,,
dump,v,выбрасывать,,,
duration,n,длительность,,,
dynamic,adj,динамичный,,,
eager,adj,"нетерпеливый, жаждущий",,,
economics,n,экономика (наука),,,
economist,n,экономист,,,
edit,v,редактировать,,,
edition,n,издание,,,
editorial,n,редакционная статья,,,
editorial,adj,редакционный,,,
efficient,adj,эффективный,,,
efficiently,adv,эффективно,,,
elbow,n,локоть,,,
elderly,adj,пожилой,,,
elderly,n,пожилые люди,,,
elect,v,избирать,,,
element,n,элемент,,,
electronics,n,электроника,,,
elegant,adj,элегантный,,,
elementary,adj,"начальный, элементарный",,,
eliminate,v,устранять,,,
elsewhere,adv,в другом месте,,,
embrace,v,"обнимать, принимать",,,
emerge,v,появляться,,,
emission,n,выброс,,,
emotional,adj,эмоциональный,,,
emotionally,adv,эмоционально,,,
emphasis,n,"акцент, упор",,,
emphasise,v,подчёркивать,,,
empire,n,империя,,,
enable,v,давать возможность,,,
encounter,v,сталкиваться,,,
engage,v,вовлекать,,,
enhance,v,"улучшать, усиливать",,,
enjoyable,adj,приятный,,,
enquiry,n,запрос,,,
ensure,v,обеспечивать,,,
entertaining,adj,занимательный,,,
enthusiasm,n,энтузиазм,,,
enthusiastic,adj,восторженный,,,
entire,adj,"весь, целый",,,
entirely,adv,полностью,,,
entrepreneur,n,предприниматель,,,
envelope,n,конверт,,,
equip,v,оснащать,,,
equivalent,adj,эквивалентный,,,
equivalent,n,эквивалент,,,
era,n,эпоха,,,
erupt,v,извергаться,,,
essentially,adv,по существу,,,
establish,v,"учреждать, устанавливать",,,
estate,n,"поместье, недвижимость",,,
estimate,n,оценка,,,
estimate,v,оценивать,,,
ethic,n,этика,,,
ethical,adj,этический,,,
ethnic,adj,этнический,,,
evaluate,v,оценивать,,,
evaluation,n,оценка,,,
even,adv,даже,,,
evidence,n,доказательство,,,
evident,adj,очевидный,,,
evil,adj,злой,,,
evil,n,зло,,,
evolution,n,эволюция,,,
evolve,v,развиваться,,,
examination,n,"экзамен, обследование",,,
exceed,v,превышать,,,
exception,n,исключение,,,
excessive,adj,чрезмерный,,,
exclude,v,исключать,,,
excuse,n,оправдание,,,
excuse,v,извинять,,,
executive,n,руководитель,,,
executive,adj,исполнительный,,,
existence,n,существование,,,
exotic,adj,экзотический,,,
expansion,n,расширение,,,
expectation,n,ожидание,,,
expense,n,расход,,,
expertise,n,"экспертиза, опыт",,,
exploit,v,эксплуатировать,,,
exploration,n,исследование,,,
expose,v,"разоблачать, подвергать",,,
exposure,n,"воздействие, огласка",,,
extend,v,"расширять, продлевать",,,
extension,n,"расширение, продление",,,
extensive,adj,обширный,,,
extensively,adv,широко,,,
extent,n,"степень, масштаб",,,
external,adj,внешний,,,
extract,n,отрывок,,,
extract,v,извлекать,,,
extraordinary,adj,необычайный,,,
fabric,n,ткань,,,
fabulous,adj,потрясающий,,,
facility,n,"учреждение, объект",,,
factor,n,фактор,,,
faculty,n,"факультет, способность",,,
failed,adj,неудачный,,,
failure,n,"провал, неудача",,,
faith,n,вера,,,
fake,adj,поддельный,,,
fake,n,подделка,,,
fame,n,слава,,,
fantasy,n,фантазия,,,
fare,n,плата за проезд,,,
fault,n,"вина, неисправность",,,
favour,v,"предпочитать, одобрять",,,
feather,n,перо,,,
fee,n,"плата, гонорар",,,
feedback,n,обратная связь,,,
fellow,adj,"товарищеский, коллега",,,
finance,n,финансы,,,
finance,v,финансировать,,,
finding,n,"находка, результат исследования",,,
firefighter,n,пожарный,,,
firework,n,фейерверк,,,
firm,n,фирма,,,
firm,adj,твёрдый,,,
firmly,adv,твёрдо,,,
flame,n,пламя,,,
flash,v,сверкать,,,
flavour,n,"вкус, аромат",,,
flexible,adj,гибкий,,,
float,v,"плавать, держаться на воде",,,
folding,adj,складной,,,
fond,adj,"любящий, привязанный",,,
fool,n,дурак,,,
fool,v,дурачить,,,
forbid,v,запрещать,,,
forecast,n,прогноз,,,
forecast,v,прогнозировать,,,
forgive,v,прощать,,,
format,n,формат,,,
formation,n,формирование,,,
former,adj,бывший,,,
formerly,adv,прежде,,,
fortunate,adj,удачливый,,,
fortune,n,"удача, состояние",,,
forum,n,форум,,,
found,v,основывать,,,
foundation,n,"фундамент, фонд",,,
founder,n,основатель,,,
fraction,n,"доля, дробь",,,
fragment,n,фрагмент,,,
framework,n,"структура, рамки",,,
fraud,n,мошенничество,,,
freedom,n,свобода,,,
freely,adv,свободно,,,
frequency,n,частота,,,
frequent,adj,частый,,,
frustrated,adj,"разочарованный, раздражённый",,,
fulfil,v,выполнять,,,
full-time,adj,полный рабочий день,,,
full-time,adv,полный рабочий день,,,
fully,adv,полностью,,,
fund,n,фонд,,,
fund,v,финансировать,,,
fundamental,adj,фундаментальный,,,
fundamentally,adv,фундаментально,,,
funding,n,финансирование,,,
funeral,n,похороны,,,
furious,adj,в ярости,,,
furthermore,adv,более того,,,
gain,v,"получать, набирать",,,
gallon,n,галлон,,,
gaming,n,игровая индустрия,,,
gang,n,банда,,,
gay,adj,гомосексуальный,,,
gender,n,"гендер, пол",,,
gene,n,ген,,,
generate,v,генерировать,,,
genetic,adj,генетический,,,
genius,n,гений,,,
genre,n,жанр,,,
genuine,adj,подлинный,,,
genuinely,adv,искренне,,,
gesture,n,жест,,,
globalization,n,глобализация,,,
globe,n,земной шар,,,
golden,adj,золотой,,,
goodness,n,доброта,,,
gorgeous,adj,великолепный,,,
govern,v,управлять,,,
grab,v,хватать,,,
gradually,adv,постепенно,,,
grand,adj,грандиозный,,,
grant,n,грант,,,
grant,v,предоставлять,,,
graphic,adj,графический,,,
graphics,n,графика,,,
grave,n,могила,,,
greatly,adv,в значительной степени,,,
greenhouse,n,"теплица, оранжерея",,,
guarantee,v,гарантировать,,,
guideline,n,"рекомендация, директива",,,
habitat,n,среда обитания,,,
handle,v,"справляться, обращаться",,,
harbour,n,гавань,,,
harm,n,вред,,,
harm,v,вредить,,,
harmful,adj,вредный,,,
headquarters,n,штаб-квартира,,,
heal,v,"заживать, исцелять",,,
healthcare,n,здравоохранение,,,
hearing,n,"слух, слушание",,,
heaven,n,"небо, рай",,,
heel,n,"пятка, каблук",,,
hell,n,ад,,,
helmet,n,шлем,,,
herb,n,трава,,,
hesitate,v,колебаться,,,
hidden,adj,скрытый,,,
hilarious,adj,уморительный,,,
hip,n,бедро,,,
historian,n,историк,,,
hollow,adj,полый,,,
holy,adj,святой,,,
homeless,adj,бездомный,,,
honesty,n,честность,,,
honour,n,честь,,,
hook,n,крючок,,,
hopefully,adv,будем надеяться,,,
household,n,домохозяйство,,,
household,adj,домашний,,,
housing,n,жильё,,,
humorous,adj,юмористический,,,
humour,n,юмор,,,
hunger,n,голод,,,
hunting,n,охота,,,
icon,n,"икона, значок",,,
id,n,удостоверение личности,,,
ideal,adj,идеальный,,,
ideal,n,идеал,,,
identical,adj,идентичный,,,
identity,n,"личность, идентичность",,,
illusion,n,иллюзия,,,
illustrate,v,иллюстрировать,,,
illustration,n,иллюстрация,,,
imagination,n,воображение,,,
immigration,n,иммиграция,,,
immune,adj,иммунный,,,
impatient,adj,нетерпеливый,,,
implement,v,внедрять,,,
implication,n,"следствие, намёк",,,
imply,v,подразумевать,,,
impose,v,навязывать,,,
impress,v,впечатлять,,,
impressed,adj,впечатлён,,,
incentive,n,стимул,,,
inch,n,дюйм,,,
incident,n,инцидент,,,
income,n,доход,,,
incorporate,v,включать в себя,,,
incorrect,adj,неверный,,,
increasingly,adv,всё больше,,,
independence,n,независимость,,,
index,n,"индекс, указатель",,,
indication,n,"признак, указание",,,
industrial,adj,промышленный,,,
inevitable,adj,неизбежный,,,
inevitably,adv,неизбежно,,,
infection,n,инфекция,,,
infer,v,делать вывод,,,
inflation,n,инфляция,,,
info,n,информация,,,
inform,v,сообщать,,,
inhabitant,n,житель,,,
inherit,v,наследовать,,,
initial,adj,первоначальный,,,
initially,adv,изначально,,,
initiative,n,инициатива,,,
ink,n,чернила,,,
inner,adj,внутренний,,,
innovation,n,инновация,,,
innovative,adj,инновационный,,,
input,n,"ввод, вклад",,,
insert,v,вставлять,,,
insight,n,"понимание, проницательность",,,
insist,v,настаивать,,,
inspector,n,инспектор,,,
inspire,v,вдохновлять,,,
install,v,устанавливать,,,
installation,n,установка,,,
instance,n,"пример, случай",,,
instant,adj,мгновенный,,,
instantly,adv,мгновенно,,,
institute,n,институт,,,
institution,n,учреждение,,,
insurance,n,страхование,,,
integrate,v,интегрировать,,,
intellectual,adj,интеллектуальный,,,
intellectual,n,интеллектуал,,,
intended,adj,предназначенный,,,
intense,adj,интенсивный,,,
interact,v,взаимодействовать,,,
interaction,n,взаимодействие,,,
internal,adj,внутренний,,,
interpret,v,интерпретировать,,,
interpretation,n,интерпретация,,,
interrupt,v,прерывать,,,
interval,n,"интервал, антракт",,,
invade,v,вторгаться,,,
invasion,n,вторжение,,,
investigation,n,расследование,,,
investment,n,инвестиция,,,
investor,n,инвестор,,,
isolate,v,изолировать,,,
isolated,adj,изолированный,,,
issue,v,"выпускать, издавать",,,
jail,n,тюрьма,,,
jet,n,реактивный самолёт,,,
joint,n,сустав,,,
joint,adj,совместный,,,
journalism,n,журналистика,,,
joy,n,радость,,,
judgement,n,суждение,,,
junior,adj,младший,,,
junior,n,младший сотрудник,,,
jury,n,присяжные,,,
justice,n,"справедливость, правосудие",,,
justify,v,оправдывать,,,
kidnap,v,похищать,,,
kidney,n,почка,,,
kindergarten,n,детский сад,,,
kit,n,"комплект, набор",,,
labour,n,труд,,,
ladder,n,лестница,,,
landing,n,"посадка, лестничная площадка",,,
landscape,n,пейзаж,,,
lane,n,"полоса, дорожка",,,
largely,adv,в значительной степени,,,
laser,n,лазер,,,
lately,adv,в последнее время,,,
launch,v,запускать,,,
leadership,n,руководство,,,
league,n,лига,,,
lean,v,"наклоняться, прислоняться",,,
legend,n,легенда,,,
lens,n,"линза, объектив",,,
licence,n,лицензия,,,
lifetime,n,продолжительность жизни,,,
lighting,n,освещение,,,
likewise,adv,так же,,,
limitation,n,ограничение,,,
limited,adj,ограниченный,,,
literally,adv,буквально,,,
literary,adj,литературный,,,
litter,n,мусор,,,
lively,adj,"живой, оживлённый",,,
liver,n,печень,,,
load,n,груз,,,
load,v,грузить,,,
loan,n,"кредит, заём",,,
logical,adj,логичный,,,
logo,n,логотип,,,
long-term,adj,долгосрочный,,,
loose,adj,"свободный, незакреплённый",,,
lord,n,лорд,,,
lottery,n,лотерея,,,
lower,v,снижать,,,
loyal,adj,верный,,,
lung,n,лёгкое,,,
lyric,n,текст песни,,,
magnificent,adj,великолепный,,,
maintain,v,поддерживать,,,
majority,n,большинство,,,
makeup,n,макияж,,,
making,n,"создание, производство",,,
manufacture,v,производить,,,
manufacturing,n,производство,,,
marathon,n,марафон,,,
margin,n,"грань, поле страницы",,,
marker,n,"маркер, отметка",,,
martial,adj,"военный, боевой",,,
mass,n,масса,,,
mass,adj,массовый,,,
massive,adj,массивный,,,
master,n,мастер,,,
master,v,овладевать,,,
matching,adj,подходящий под пару,,,
mate,n,товарищ,,,
mate,v,спариваться,,,
maximum,n,максимум,,,
maximum,adj,максимальный,,,
means,n,"средство, способ",,,
measurement,n,измерение,,,
mechanic,n,механик,,,
mechanical,adj,механический,,,
mechanism,n,механизм,,,
medal,n,медаль,,,
medication,n,медикаменты,,,
medium,n,"средство, среда",,,
melt,v,"таять, плавить",,,
membership,n,членство,,,
memorable,adj,незабываемый,,,
metaphor,n,метафора,,,
method,n,метод,,,
military,adj,военный,,,
military,n,военные,,,
miner,n,шахтёр,,,
mineral,n,минерал,,,
minimum,n,минимум,,,
minimum,adj,минимальный,,,
minister,n,министр,,,
minor,adj,незначительный,,,
minority,n,меньшинство,,,
miserable,adj,несчастный,,,
mission,n,миссия,,,
mistaken,adj,ошибочный,,,
mixed,adj,смешанный,,,
mode,n,"режим, способ",,,
modest,adj,скромный,,,
modify,v,видоизменять,,,
monitor,n,монитор,,,
monitor,v,контролировать,,,
monster,n,монстр,,,
monthly,adj,ежемесячный,,,
monthly,adv,ежемесячно,,,
monument,n,памятник,,,
moral,adj,моральный,,,
moral,n,мораль,,,
moreover,adv,более того,,,
mortgage,n,ипотека,,,
mosque,n,мечеть,,,
mosquito,n,комар,,,
motion,n,движение,,,
motivate,v,мотивировать,,,
motivation,n,мотивация,,,
motor,n,мотор,,,
mount,v,"подниматься, монтировать",,,
moving,adj,трогательный,,,
multiple,adj,множественный,,,
multiply,v,умножать,,,
mysterious,adj,загадочный,,,
myth,n,миф,,,
naked,adj,голый,,,
nasty,adj,противный,,,
navigation,n,навигация,,,
nearby,adj,ближайший,,,
nearby,adv,рядом,,,
neat,adj,аккуратный,,,
necessity,n,необходимость,,,
negative,n,"отрицание, минус",,,
negotiate,v,вести переговоры,,,
negotiation,n,переговоры,,,
nerve,n,нерв,,,
neutral,adj,нейтральный,,,
nevertheless,adv,тем не менее,,,
newly,adv,недавно,,,
nickel,n,никель,,,
nightmare,n,кошмар,,,
nostalgia,n,ностальгия,,,
notebook,n,"блокнот, тетрадь",,,
notion,n,понятие,,,
novelist,n,романист,,,
nowadays,adv,в наши дни,,,
numerous,adj,многочисленный,,,
nursing,n,сестринское дело,,,
nutrition,n,питание,,,
obesity,n,ожирение,,,
obey,v,подчиняться,,,
object,n,предмет,,,
object,v,возражать,,,
objective,n,цель,,,
obligatory,adj,обязательный,,,
obligation,n,обязательство,,,
observation,n,наблюдение,,,
observe,v,наблюдать,,,
observer,n,наблюдатель,,,
obstacle,n,препятствие,,,
obtain,v,получать,,,
occasionally,adv,время от времени,,,
occupation,n,"занятие, профессия",,,
occupy,v,занимать,,,
offence,n,"правонарушение, обида",,,
offend,v,обижать,,,
offender,n,правонарушитель,,,
offensive,adj,оскорбительный,,,
ongoing,adj,продолжающийся,,,
onwards,adv,дальше,,,
opening,n,открытие,,,
openly,adv,открыто,,,
opera,n,опера,,,
operate,v,"управлять, работать",,,
operator,n,оператор,,,
opponent,n,противник,,,
oppose,v,противостоять,,,
opposed,adj,против,,,
opposition,n,"оппозиция, сопротивление",,,
optical,adj,оптический,,,
optimistic,adj,оптимистичный,,,
orchestra,n,оркестр,,,
organ,n,орган,,,
organic,adj,органический,,,
origin,n,происхождение,,,
otherwise,adv,иначе,,,
outcome,n,результат,,,
outer,adj,внешний,,,
outfit,n,наряд,,,
outline,n,"план, очертание",,,
outline,v,обрисовывать,,,
output,n,"выпуск, вывод",,,
outstanding,adj,выдающийся,,,
overall,adj,общий,,,
overall,adv,в целом,,,
overcome,v,преодолевать,,,
overnight,adv,за ночь,,,
overnight,adj,ночной,,,
overseas,adv,за границей,,,
overseas,adj,зарубежный,,,
owe,v,быть должным,,,
ownership,n,владение,,,
oxygen,n,кислород,,,
pace,n,темп,,,
pace,v,расхаживать,,,
packet,n,"пакет, пачка",,,
palm,n,"ладонь, пальма",,,
panel,n,"панель, комиссия",,,
panic,n,паника,,,
panic,v,паниковать,,,
parade,n,парад,,,
parallel,adj,параллельный,,,
parallel,n,параллель,,,
parliament,n,парламент,,,
part-time,adj,неполный рабочий день,,,
part-time,adv,неполный рабочий день,,,
participant,n,участник,,,
participation,n,участие,,,
partly,adv,частично,,,
partnership,n,партнёрство,,,
passage,n,"проход, отрывок",,,
passionate,adj,страстный,,,
password,n,пароль,,,
patch,n,"заплатка, участок",,,
patience,n,терпение,,,
pause,n,пауза,,,
pause,v,делать паузу,,,
peer,n,сверстник,,,
penalty,n,"штраф, наказание",,,
pension,n,пенсия,,,
perceive,v,воспринимать,,,
perception,n,восприятие,,,
permanent,adj,постоянный,,,
permanently,adv,постоянно,,,
permit,n,разрешение,,,
permit,v,разрешать,,,
perspective,n,"перспектива, взгляд",,,
pharmacy,n,аптека,,,
phase,n,фаза,,,
phenomenon,n,явление,,,
philosophy,n,философия,,,
physician,n,врач,,,
pile,n,"стопка, куча",,,
pile,v,складывать,,,
pill,n,таблетка,,,
pitch,n,"подача, поле, высота тона",,,
pity,n,жалость,,,
placement,n,размещение,,,
plain,adj,"простой, однотонный",,,
pointed,adj,заострённый,,,
popularity,n,популярность,,,
portion,n,"порция, доля",,,
pose,n,поза,,,
pose,v,позировать,,,
possess,v,владеть,,,
potential,adj,потенциальный,,,
potential,n,потенциал,,,
potentially,adv,потенциально,,,
praise,v,хвалить,,,
precious,adj,драгоценный,,,
precise,adj,точный,,,
precisely,adv,точно,,,
predictable,adj,предсказуемый,,,
preference,n,предпочтение,,,
pregnant,adj,беременная,,,
preparation,n,подготовка,,,
presence,n,присутствие,,,
preserve,v,сохранять,,,
presidential,adj,президентский,,,
pride,n,гордость,,,
primarily,adv,прежде всего,,,
prime,adj,"главный, первоклассный",,,
principal,adj,главный,,,
principal,n,директор школы,,,
principle,n,принцип,,,
prior,adj,предшествующий,,,
priority,n,приоритет,,,
privacy,n,конфиденциальность,,,
probability,n,вероятность,,,
probable,adj,вероятный,,,
procedure,n,процедура,,,
proceed,v,"продолжать, приступать",,,
professional,adj,профессиональный,,,
professional,n,профессионал,,,
programming,n,программирование,,,
progressive,adj,прогрессивный,,,
prohibit,v,запрещать,,,
promising,adj,многообещающий,,,
promotion,n,"продвижение, акция",,,
prompt,v,побуждать,,,
proof,n,доказательство,,,
proportion,n,"пропорция, доля",,,
proposal,n,предложение,,,
propose,v,предлагать,,,
prospect,n,перспектива,,,
protection,n,защита,,,
protein,n,белок,,,
protester,n,протестующий,,,
proven,adj,доказанный,,,
psychological,adj,психологический,,,
psychologist,n,психолог,,,
psychology,n,психология,,,
publication,n,публикация,,,
publicity,n,"огласка, реклама",,,
publishing,n,издательское дело,,,
punk,n,панк,,,
pupil,n,"ученик, зрачок",,,
purchase,n,покупка,,,
purchase,v,покупать,,,
pure,adj,чистый,,,
purely,adv,исключительно,,,
pursue,v,"преследовать, заниматься",,,
pursuit,n,"погоня, занятие",,,
puzzle,n,головоломка,,,
question,v,задавать вопросы,,,
questionnaire,n,анкета,,,
racial,adj,расовый,,,
racism,n,расизм,,,
racist,adj,расистский,,,
racist,n,расист,,,
radar,n,радар,,,
radiation,n,"радиация, излучение",,,
rail,n,"рельс, железная дорога",,,
random,adj,случайный,,,
rank,n,ранг,,,
rank,v,ранжировать,,,
rapid,adj,быстрый,,,
rapidly,adv,быстро,,,
raw,adj,сырой,,,
realistic,adj,реалистичный,,,
reasonable,adj,разумный,,,
reasonably,adv,"достаточно, разумно",,,
rebuild,v,перестраивать,,,
recall,v,вспоминать,,,
receiver,n,"получатель, приёмник",,,
recession,n,"рецессия, спад",,,
reckon,v,полагать,,,
recognition,n,признание,,,
recover,v,восстанавливаться,,,
recovery,n,восстановление,,,
recruit,v,"нанимать, вербовать",,,
reduction,n,сокращение,,,
referee,n,судья спортивный,,,
refugee,n,беженец,,,
regard,v,"считать, относиться",,,
regional,adj,региональный,,,
register,v,регистрировать,,,
registration,n,регистрация,,,
regret,v,сожалеть,,,
regulate,v,регулировать,,,
regulation,n,"правило, регулирование",,,
reinforce,v,укреплять,,,
relatively,adv,относительно,,,
relevant,adj,"актуальный, уместный",,,
relief,n,облегчение,,,
relieve,v,облегчать,,,
relieved,adj,испытывающий облегчение,,,
rely on,v,полагаться на,,,
remark,n,замечание,,,
remark,v,замечать,,,
remarkable,adj,замечательный,,,
remarkably,adv,удивительно,,,
reporting,n,"репортаж, освещение",,,
representative,n,представитель,,,
representative,adj,представительный,,,
reputation,n,репутация,,,
requirement,n,требование,,,
rescue,v,спасать,,,
research,n,исследование,,,
research,v,исследовать,,,
reserve,v,"бронировать, запасать",,,
resident,n,житель,,,
resign,v,увольняться,,,
resist,v,сопротивляться,,,
resolution,n,"решение, резолюция",,,
resolve,v,"решать, разрешать",,,
resort,n,курорт,,,
restore,v,восстанавливать,,,
restrict,v,ограничивать,,,
restriction,n,ограничение,,,
résumé,n,резюме,,,
retail,n,розничная торговля,,,
retain,v,удерживать,,,
retirement,n,выход на пенсию,,,
reveal,v,раскрывать,,,
revenue,n,"доход, выручка",,,
revision,n,"повторение, пересмотр",,,
revolution,n,революция,,,
reward,n,награда,,,
reward,v,награждать,,,
rhythm,n,ритм,,,
rid,adj,избавившийся,,,
ridiculous,adj,нелепый,,,
risky,adj,рискованный,,,
rival,n,соперник,,,
rob,v,грабить,,,
robbery,n,ограбление,,,
rocket,n,ракета,,,
romance,n,"роман, романтика",,,
root,n,корень,,,
rose,n,роза,,,
roughly,adv,приблизительно,,,
rub,v,тереть,,,
rubber,n,резина,,,
ruin,v,разрушать,,,
rural,adj,сельский,,,
rush,v,"мчаться, спешить",,,
satellite,n,спутник,,,
satisfaction,n,удовлетворение,,,
satisfied,adj,довольный,,,
satisfy,v,удовлетворять,,,
saving,n,сбережение,,,
scale,n,"масштаб, шкала",,,
scandal,n,скандал,,,
scare,v,пугать,,,
scholar,n,учёный,,,
scholarship,n,стипендия,,,
scratch,v,царапать,,,
scream,v,кричать,,,
screening,n,"показ, скрининг",,,
sector,n,сектор,,,
secure,v,"обеспечивать, защищать",,,
seek,v,искать,,,
seeker,n,искатель,,,
select,v,отбирать,,,
selection,n,выбор,,,
self,n,"своё я, самость",,,
seminar,n,семинар,,,
senior,adj,старший,,,
senior,n,старший сотрудник,,,
sensitive,adj,чувствительный,,,
sequence,n,последовательность,,,
session,n,"сессия, занятие",,,
settle,v,"селиться, улаживать",,,
settler,n,поселенец,,,
severe,adj,суровый,,,
severely,adv,сурово,,,
sexy,adj,сексуальный,,,
shade,n,"тень, оттенок",,,
shadow,n,тень,,,
shallow,adj,мелкий,,,
shame,n,стыд,,,
shaped,adj,имеющий форму,,,
shelter,n,укрытие,,,
shooting,n,стрельба,,,
shore,n,берег,,,
short-term,adj,краткосрочный,,,
shortage,n,нехватка,,,
shortly,adv,вскоре,,,
sibling,n,брат или сестра,,,
sidewalk,n,тротуар,,,
signature,n,подпись,,,
significance,n,значимость,,,
significant,adj,значительный,,,
significantly,adv,значительно,,,
silence,n,тишина,,,
silk,n,шёлк,,,
sincere,adj,искренний,,,
skilled,adj,квалифицированный,,,
skull,n,череп,,,
slave,n,раб,,,
slide,v,скользить,,,
slight,adj,незначительный,,,
slip,v,поскальзываться,,,
slogan,n,лозунг,,,
slope,n,склон,,,
so-called,adj,так называемый,,,
solar,adj,солнечный,,,
somehow,adv,как-нибудь,,,
sometime,adv,когда-нибудь,,,
somewhat,adv,несколько,,,
sophisticated,adj,"изощрённый, сложный",,,
soul,n,душа,,,
source,n,источник,,,
spare,adj,"запасный, свободный",,,
specialise,v,специализироваться,,,
specialist,n,специалист,,,
species,n,вид биологический,,,
specify,v,указывать,,,
spectacular,adj,впечатляющий,,,
spectator,n,зритель,,,
speculate,v,предполагать,,,
speculation,n,предположение,,,
spice,n,специя,,,
spill,v,проливать,,,
spiritual,adj,духовный,,,
in spite of,prep,несмотря на,,,
split,v,разделять,,,
spoil,v,портить,,,
spokesman,n,представитель мужчина,,,
spokesperson,n,представитель,,,
spokeswoman,n,представитель женщина,,,
sponsor,n,спонсор,,,
sponsor,v,спонсировать,,,
sponsorship,n,спонсорство,,,
stable,adj,стабильный,,,
stall,n,"ларёк, стойло",,,
stance,n,позиция,,,
stare,v,пристально смотреть,,,
starve,v,голодать,,,
statistic,n,"статистика, показатель",,,
status,n,статус,,,
steadily,adv,устойчиво,,,
steady,adj,устойчивый,,,
steam,n,пар,,,
steel,n,сталь,,,
steep,adj,крутой,,,
sticky,adj,липкий,,,
stiff,adj,жёсткий,,,
stimulate,v,стимулировать,,,
stock,n,"запас, акции",,,
stream,n,"ручей, поток",,,
strengthen,v,укреплять,,,
stretch,v,растягивать,,,
strict,adj,строгий,,,
strictly,adv,строго,,,
strike,n,забастовка,,,
strike,v,"бастовать, ударять",,,
striking,adj,поразительный,,,
stroke,n,"инсульт, мазок",,,
struggle,v,бороться,,,
stunning,adj,потрясающий,,,
submit,v,"подавать, подчиняться",,,
substance,n,вещество,,,
suburb,n,пригород,,,
suffering,n,страдание,,,
sufficient,adj,достаточный,,,
sufficiently,adv,достаточно,,,
sum,n,сумма,,,
super,adj,превосходный,,,
surgeon,n,хирург,,,
surgery,n,"хирургия, операция",,,
surround,v,окружать,,,
surrounding,adj,окружающий,,,
survival,n,выживание,,,
survivor,n,выживший,,,
suspect,n,подозреваемый,,,
suspect,v,подозревать,,,
suspend,v,приостанавливать,,,
sustainability,n,устойчивость,,,
sustainable,adj,устойчивый,,,
swallow,v,глотать,,,
swear,v,"клясться, ругаться",,,
sweep,v,мести,,,
symbol,n,символ,,,
symbolise,v,символизировать,,,
sympathetic,adj,сочувствующий,,,
sympathy,n,сочувствие,,,
tag,n,ярлык,,,
tag,v,помечать,,,
tale,n,"рассказ, сказка",,,
tank,n,"бак, танк",,,
tap,n,кран,,,
tap,v,стучать,,,
tear,n,слеза,,,
tear,v,рвать,,,
technological,adj,технологический,,,
teen,n,подросток,,,
temple,n,"храм, висок",,,
temporarily,adv,временно,,,
temporary,adj,временный,,,
tendency,n,тенденция,,,
tension,n,напряжение,,,
terminal,n,терминал,,,
terminal,adj,"конечный, терминальный",,,
terms,n,условия,,,
terribly,adv,ужасно,,,
terrify,v,наводить ужас,,,
territory,n,территория,,,
terror,n,ужас,,,
terrorism,n,терроризм,,,
terrorist,n,террорист,,,
testing,n,тестирование,,,
textbook,n,учебник,,,
theft,n,кража,,,
therapist,n,психотерапевт,,,
therapy,n,терапия,,,
theory,n,теория,,,
therefore,adv,поэтому,,,
thorough,adj,тщательный,,,
thoroughly,adv,тщательно,,,
threat,n,угроза,,,
threaten,v,угрожать,,,
thumb,n,большой палец,,,
thus,adv,таким образом,,,
timing,n,выбор времени,,,
tissue,n,ткань,,,
tone,n,тон,,,
tough,adj,"жёсткий, трудный",,,
tournament,n,турнир,,,
toxic,adj,токсичный,,,
trace,n,след,,,
trace,v,отслеживать,,,
track,n,"трасса, след",,,
track,v,отслеживать,,,
trading,n,торговля,,,
tragedy,n,трагедия,,,
tragic,adj,трагический,,,
trait,n,черта,,,
transfer,n,"перемещение, трансфер",,,
transfer,v,переводить,,,
transform,v,преобразовывать,,,
transition,n,переход,,,
transmit,v,передавать,,,
trap,n,ловушка,,,
trap,v,ловить,,,
treasure,n,сокровище,,,
trial,n,"судебный процесс, испытание",,,
tribe,n,племя,,,
trillion,num,триллион,,,
troop,n,"войско, отряд",,,
tropical,adj,тропический,,,
truly,adv,по-настоящему,,,
trust,n,доверие,,,
trust,v,доверять,,,
tsunami,n,цунами,,,
tune,n,мелодия,,,
tunnel,n,туннель,,,
ultimate,adj,окончательный,,,
ultimately,adv,в конечном счёте,,,
unacceptable,adj,неприемлемый,,,
uncertainty,n,неопределённость,,,
unconscious,adj,без сознания,,,
undergo,v,подвергаться,,,
undertake,v,предпринимать,,,
unexpected,adj,неожиданный,,,
unfold,v,разворачиваться,,,
unfortunate,adj,неудачный,,,
unique,adj,уникальный,,,
unite,v,объединять,,,
unity,n,единство,,,
universal,adj,универсальный,,,
universe,n,вселенная,,,
unknown,adj,неизвестный,,,
upper,adj,верхний,,,
upwards,adv,вверх,,,
urban,adj,городской,,,
urge,v,настоятельно призывать,,,
urgent,adj,срочный,,,
usage,n,использование,,,
useless,adj,бесполезный,,,
valid,adj,действительный,,,
variation,n,вариация,,,
vary,v,варьироваться,,,
vast,adj,огромный,,,
venue,n,место проведения,,,
vertical,adj,вертикальный,,,
via,prep,через,,,
victory,n,победа,,,
victorious,adj,победоносный,,,
viewpoint,n,точка зрения,,,
violence,n,насилие,,,
virtual,adj,виртуальный,,,
visa,n,виза,,,
visible,adj,видимый,,,
vision,n,"зрение, видение",,,
visual,adj,визуальный,,,
vital,adj,жизненно важный,,,
vitamin,n,витамин,,,
volume,n,объём,,,
voluntarily,adv,добровольно,,,
voluntary,adj,добровольный,,,
voting,n,голосование,,,
wage,n,зарплата,,,
wander,v,бродить,,,
warming,n,потепление,,,
weakness,n,слабость,,,
wealth,n,богатство,,,
wealthy,adj,богатый,,,
weekly,adj,еженедельный,,,
weekly,adv,еженедельно,,,
weird,adj,странный,,,
welfare,n,"благосостояние, пособия",,,
wheat,n,пшеница,,,
whereas,conj,тогда как,,,
wherever,conj,где бы ни,,,
whisper,v,шептать,,,
whoever,pron,кто бы ни,,,
whom,pron,"кого, кому",,,
widely,adv,широко,,,
widespread,adj,распространённый,,,
widow,n,вдова,,,
wildlife,n,дикая природа,,,
willing,adj,готовый,,,
wire,n,провод,,,
wisdom,n,мудрость,,,
wise,adj,мудрый,,,
withdraw,v,"выводить, отзывать",,,
witness,n,свидетель,,,
witness,v,свидетельствовать,,,
wolf,n,волк,,,
workforce,n,рабочая сила,,,
workplace,n,рабочее место,,,
workshop,n,"мастерская, семинар",,,
worm,n,червь,,,
wound,n,рана,,,
wound,v,ранить,,,
wrap,v,заворачивать,,,
wrist,n,запястье,,,
zone,n,зона,,,
abolish,v,"упразднять, отменять",,,
abortion,n,аборт,,,
absence,n,отсутствие,,,
absurd,adj,"абсурдный, нелепый",,,
abuse,n,"злоупотребление, жестокое обращение",,,
abuse,v,"злоупотреблять, оскорблять",,,
academy,n,академия,,,
accelerate,v,ускорять(ся),,,
acceptance,n,"принятие, согласие",,,
accessible,adj,доступный,,,
accomplishment,n,"достижение, свершение",,,
accordingly,adv,"соответственно, таким образом",,,
accountability,n,"подотчётность, ответственность",,,
accountable,adj,"подотчётный, ответственный",,,
accumulate,v,накапливать(ся),,,
accumulation,n,накопление,,,
accusation,n,обвинение,,,
accused,n,обвиняемый,,,
acid,n,кислота,,,
acquisition,n,"приобретение, поглощение (компании)",,,
activation,n,активация,,,
activist,n,активист,,,
acute,adj,"острый, тяжёлый",,,
adaptation,n,"адаптация, экранизация",,,
adhere,v,"придерживаться, прилипать",,,
adjacent,adj,"смежный, прилегающий",,,
adjustment,n,"корректировка, адаптация",,,
administer,v,"управлять, применять (лекарство)",,,
administrative,adj,административный,,,
administrator,n,"администратор, управляющий",,,
admission,n,"приём, допуск, признание",,,
adolescent,n,подросток,,,
adolescent,adj,подростковый,,,
adoption,n,"усыновление, внедрение",,,
adverse,adj,неблагоприятный,,,
advocate,n,"защитник, сторонник",,,
advocate,v,"отстаивать, выступать за",,,
aesthetic,adj,эстетический,,,
affection,n,"привязанность, нежность",,,
aftermath,n,последствия,,,
aggression,n,агрессия,,,
agricultural,adj,сельскохозяйственный,,,
aide,n,помощник,,,
alert,v,"предупреждать, настораживать",,,
alert,n,"тревога, оповещение",,,
alert,adj,бдительный,,,
align,v,"выравнивать, согласовывать",,,
alignment,n,"выравнивание, согласование",,,
alike,adj,"похожий, сходный",,,
alike,adv,"одинаково, подобным образом",,,
allegation,n,"заявление, голословное обвинение",,,
allege,v,"утверждать, голословно обвинять",,,
allegedly,adv,"якобы, по утверждению",,,
alliance,n,"альянс, союз",,,
allocate,v,"выделять, распределять",,,
allocation,n,"выделение, распределение",,,
allowance,n,"пособие, содержание",,,
ally,n,союзник,,,
aluminium,n,алюминий,,,
amateur,n,любитель,,,
amateur,adj,любительский,,,
ambassador,n,посол,,,
amend,v,"вносить поправки, исправлять",,,
amendment,n,поправка,,,
amid,prep,"среди, посреди",,,
analogy,n,аналогия,,,
anchor,n,"якорь, ведущий (новостей)",,,
anonymous,adj,анонимный,,,
apparel,n,одежда,,,
appealing,adj,привлекательный,,,
appetite,n,аппетит,,,
applaud,v,"аплодировать, одобрять",,,
applicable,adj,применимый,,,
appoint,v,назначать (на должность),,,
appreciation,n,"признательность, оценка",,,
arbitrary,adj,произвольный,,,
architectural,adj,архитектурный,,,
archive,n,архив,,,
arena,n,арена,,,
arm,v,вооружать(ся),,,
array,n,"массив, множество",,,
articulate,v,"чётко излагать, формулировать",,,
ash,n,"пепел, ясень",,,
aspiration,n,"стремление, амбиция",,,
aspire,v,стремиться,,,
assassination,n,убийство (политическое),,,
assault,n,"нападение, насилие",,,
assault,v,нападать,,,
assemble,v,"собирать(ся), монтировать",,,
assembly,n,"собрание, ассамблея, сборка",,,
assert,v,"утверждать, отстаивать",,,
assertion,n,утверждение,,,
assurance,n,"уверенность, гарантия",,,
asylum,n,"убежище, психиатрическая больница",,,
atrocity,n,зверство,,,
attain,v,достигать,,,
attendance,n,посещаемость,,,
attribute,n,"свойство, признак",,,
attribute,v,"приписывать, объяснять",,,
auction,n,аукцион,,,
audit,n,"аудит, проверка",,,
audit,v,проводить аудит,,,
authentic,adj,"подлинный, аутентичный",,,
authorise,v,"уполномочивать, разрешать",,,
auto,n,автомобиль,,,
autonomy,n,автономия,,,
availability,n,"доступность, наличие",,,
await,v,"ждать, ожидать",,,
backdrop,n,"фон, задний план",,,
backing,n,поддержка,,,
backup,n,"резервная копия, подкрепление",,,
bail,n,залог,,,
ballot,n,"голосование, бюллетень",,,
bankruptcy,n,банкротство,,,
banner,n,"баннер, знамя",,,
bare,adj,"голый, пустой",,,
barrel,n,"бочка, ствол (оружия)",,,
battlefield,n,поле боя,,,
bay,n,"бухта, залив",,,
beam,n,"луч, балка",,,
beast,n,зверь,,,
behalf,n,защита (интересов): от имени,,,
behavioural,adj,поведенческий,,,
beloved,adj,любимый,,,
bench,n,скамья,,,
benchmark,n,"ориентир, эталон",,,
beneath,prep,"под, внизу",,,
beneficiary,n,выгодоприобретатель,,,
betray,v,предавать,,,
betrayal,n,предательство,,,
beverage,n,напиток,,,
bind,v,"связывать, обязывать",,,
biography,n,биография,,,
bishop,n,епископ,,,
bizarre,adj,"причудливый, странный",,,
blade,n,"лезвие, лопасть",,,
blast,n,"взрыв, поток",,,
blast,v,взрывать,,,
bleed,v,"кровоточить, истекать кровью",,,
blend,n,смесь,,,
blend,v,смешивать(ся),,,
bless,v,благословлять,,,
blessing,n,"благословение, благо",,,
boast,v,хвастаться,,,
bonus,n,"премия, бонус",,,
boom,n,"бум, подъём",,,
bounce,v,отскакивать,,,
boundary,n,"граница, предел",,,
bow,v,кланяться,,,
breach,n,"нарушение, брешь",,,
breach,v,нарушать,,,
breakdown,n,"поломка, срыв, разбивка",,,
breakthrough,n,прорыв,,,
breed,v,"разводить, порождать",,,
broadband,n,широкополосный доступ,,,
browser,n,браузер,,,
brutal,adj,жестокий,,,
buffer,n,"буфер, защита",,,
bulk,n,"основная масса, объём",,,
burden,n,"бремя, нагрузка",,,
bureaucracy,n,бюрократия,,,
burial,n,"погребение, похороны",,,
cabinet,n,"кабинет (министров), шкаф",,,
calculation,n,расчёт,,,
canvas,n,холст,,,
capability,n,"способность, возможность",,,
capitalism,n,капитализм,,,
capitalist,n,капиталист,,,
capitalist,adj,капиталистический,,,
cargo,n,груз,,,
carriage,n,"вагон, карета",,,
carve,v,"вырезать (из дерева), разделывать",,,
casualty,n,"жертва, пострадавший",,,
catalogue,n,каталог,,,
cater,v,"обслуживать (питанием), угождать",,,
cattle,n,крупный рогатый скот,,,
caution,n,"осторожность, предостережение",,,
cautious,adj,осторожный,,,
cease,v,прекращать(ся),,,
cemetery,n,кладбище,,,
chamber,n,"палата, камера",,,
chaos,n,хаос,,,
characterise,v,характеризовать,,,
charm,n,"обаяние, шарм",,,
charter,n,"устав, хартия",,,
choir,n,хор,,,
chronic,adj,хронический,,,
chunk,n,"кусок, фрагмент",,,
circulate,v,"распространять(ся), циркулировать",,,
circulation,n,"обращение, тираж",,,
citizenship,n,гражданство,,,
civic,adj,"гражданский, городской",,,
civilian,n,гражданское лицо,,,
clarity,n,ясность,,,
clash,n,"столкновение, конфликт",,,
clash,v,сталкиваться,,,
classification,n,классификация,,,
cling,v,"цепляться, держаться",,,
clinical,adj,клинический,,,
closure,n,"закрытие, завершение",,,
cluster,n,"скопление, кластер",,,
coalition,n,коалиция,,,
coastal,adj,прибрежный,,,
cocktail,n,коктейль,,,
cognitive,adj,"когнитивный, познавательный",,,
coincide,v,совпадать,,,
collaborate,v,сотрудничать,,,
collaboration,n,сотрудничество,,,
collective,adj,коллективный,,,
collision,n,столкновение,,,
colonial,adj,колониальный,,,
columnist,n,"обозреватель, колумнист",,,
combat,n,"бой, борьба",,,
combat,v,"бороться, сражаться",,,
commence,v,начинать(ся),,,
commentary,n,"комментарий, репортаж",,,
commentator,n,комментатор,,,
commerce,n,"коммерция, торговля",,,
commissioner,n,"комиссар, уполномоченный",,,
commodity,n,"товар, сырьё",,,
communist,n,коммунист,,,
communist,adj,коммунистический,,,
companion,n,"спутник, компаньон",,,
comparable,adj,сопоставимый,,,
compassion,n,сострадание,,,
compel,v,вынуждать,,,
compelling,adj,"убедительный, захватывающий",,,
compensate,v,"возмещать, компенсировать",,,
compensation,n,компенсация,,,
competence,n,компетентность,,,
competent,adj,компетентный,,,
compile,v,"составлять, компилировать",,,
complement,n,дополнение,,,
complement,v,дополнять,,,
complexity,n,сложность,,,
compliance,n,"соблюдение, соответствие",,,
complication,n,осложнение,,,
comply,v,"соблюдать, подчиняться",,,
composition,n,"композиция, сочинение",,,
comprise,v,"включать в себя, состоять из",,,
compromise,n,компромисс,,,
compromise,v,идти на компромисс,,,
compute,v,вычислять,,,
conceal,v,скрывать,,,
concede,v,"уступать, признавать",,,
conceive,v,"задумывать, зачинать",,,
conception,n,"замысел, зачатие",,,
concession,n,"уступка, концессия",,,
condemn,v,осуждать,,,
confer,v,"совещаться, присуждать",,,
confession,n,"признание, исповедь",,,
configuration,n,конфигурация,,,
confine,v,"ограничивать, заключать",,,
confirmation,n,подтверждение,,,
confront,v,"противостоять, сталкиваться",,,
confrontation,n,противостояние,,,
congratulate,v,поздравлять,,,
congregation,n,"приход, паства",,,
congressional,adj,конгрессный,,,
conquer,v,завоёвывать,,,
conscience,n,совесть,,,
consciously,adv,сознательно,,,
consciousness,n,сознание,,,
consecutive,adj,"последовательный, идущий подряд",,,
consensus,n,"консенсус, согласие",,,
consent,n,согласие,,,
consent,v,соглашаться,,,
conserve,v,"охранять, беречь",,,
consistency,n,последовательность,,,
consolidate,v,"укреплять, объединять",,,
consolidation,n,"укрепление, объединение",,,
constitute,v,"составлять, представлять собой",,,
constitution,n,конституция,,,
constitutional,adj,конституционный,,,
constraint,n,ограничение,,,
consultation,n,консультация,,,
contemplate,v,"обдумывать, созерцать",,,
contempt,n,"презрение, неуважение",,,
contend,v,"бороться, утверждать",,,
contender,n,претендент,,,
content,adj,довольный,,,
contention,n,"спор, утверждение",,,
continually,adv,"непрерывно, постоянно",,,
contractor,n,подрядчик,,,
contradiction,n,противоречие,,,
contrary,adj,противоположный,,,
contrary,n,противоположность,,,
contributor,n,"участник, автор",,,
conversion,n,преобразование,,,
convict,n,осуждённый,,,
convict,v,"осуждать, признавать виновным",,,
conviction,n,"убеждение, осуждение",,,
cooperate,v,сотрудничать,,,
cooperative,adj,"совместный, кооперативный",,,
coordinate,v,координировать,,,
coordination,n,координация,,,
coordinator,n,координатор,,,
copyright,n,авторское право,,,
correction,n,исправление,,,
correlate,v,соотносить(ся),,,
correlation,n,"корреляция, взаимосвязь",,,
correspond,v,"соответствовать, переписываться",,,
correspondence,n,"переписка, соответствие",,,
correspondent,n,корреспондент,,,
corresponding,adj,соответствующий,,,
correspondingly,adv,соответственно,,,
corrupt,adj,коррумпированный,,,
corruption,n,коррупция,,,
costly,adj,дорогостоящий,,,
councillor,n,депутат (совета),,,
counselling,n,"консультирование, психотерапия",,,
counsellor,n,"консультант, советник",,,
counter,v,"противостоять, возражать",,,
counterpart,n,"аналог, коллега",,,
countless,adj,бесчисленный,,,
coup,n,переворот,,,
courtesy,n,"вежливость, услуга",,,
craft,n,"ремесло, мастерство",,,
craft,v,"изготавливать, тщательно создавать",,,
crawl,v,ползти,,,
creator,n,создатель,,,
credibility,n,"доверие, достоверность",,,
credible,adj,заслуживающий доверия,,,
creep,v,"ползти, подкрадываться",,,
criterion,n,критерий,,,
critique,n,"критика, разбор",,,
crown,n,корона,,,
crude,adj,"сырой, грубый",,,
crush,v,"давить, сокрушать",,,
crystal,n,кристалл,,,
cult,n,культ,,,
cultivate,v,"культивировать, возделывать",,,
curiosity,n,любопытство,,,
custody,n,"опека, заключение под стражу",,,
cutting,n,"вырезка, черенок",,,
cutting,adj,"режущий, едкий",,,
cynical,adj,циничный,,,
dam,n,плотина,,,
damaging,adj,"пагубный, разрушительный",,,
dawn,n,рассвет,,,
debris,n,"обломки, мусор",,,
debut,n,дебют,,,
decision-making,n,принятие решений,,,
decisive,adj,"решающий, решительный",,,
declaration,n,"декларация, заявление",,,
dedicated,adj,"преданный, специализированный",,,
dedication,n,"преданность, посвящение",,,
deed,n,"дело, поступок",,,
deem,v,"считать, полагать",,,
default,n,"неуплата, значение по умолчанию",,,
defect,n,"дефект, недостаток",,,
defensive,adj,оборонительный,,,
deficiency,n,"нехватка, дефицит",,,
deficit,n,дефицит,,,
definitive,adj,"окончательный, исчерпывающий",,,
defy,v,бросать вызов,,,
delegate,n,делегат,,,
delegation,n,делегация,,,
delicate,adj,"тонкий, деликатный",,,
demon,n,демон,,,
denial,n,"отрицание, отказ",,,
denounce,v,"осуждать, разоблачать",,,
dense,adj,"плотный, густой",,,
density,n,плотность,,,
dependence,n,зависимость,,,
depict,v,изображать,,,
deploy,v,развёртывать,,,
deployment,n,развёртывание,,,
deprive,v,лишать,,,
deputy,n,"заместитель, депутат",,,
descend,v,спускаться,,,
descent,n,"спуск, происхождение",,,
designate,v,"назначать, обозначать",,,
desirable,adj,желательный,,,
destructive,adj,разрушительный,,,
detain,v,задерживать,,,
detection,n,обнаружение,,,
detention,n,задержание,,,
deteriorate,v,ухудшаться,,,
devastate,v,"опустошать, разрушать",,,
devise,v,"разрабатывать, изобретать",,,
diagnose,v,диагностировать,,,
diagnosis,n,диагноз,,,
dictate,v,"диктовать, предписывать",,,
dictator,n,диктатор,,,
differentiate,v,"различать, дифференцировать",,,
dignity,n,достоинство,,,
dilemma,n,дилемма,,,
dimension,n,"измерение, аспект",,,
diminish,v,уменьшать(ся),,,
dip,v,"окунать, погружать",,,
diplomat,n,дипломат,,,
diplomatic,adj,дипломатичный,,,
directory,n,"справочник, каталог",,,
disastrous,adj,катастрофический,,,
discard,v,"отбрасывать, избавляться",,,
discharge,v,"выписывать, увольнять, разряжать",,,
disclose,v,"раскрывать, разглашать",,,
disclosure,n,"раскрытие, разглашение",,,
discourse,n,"дискурс, речь",,,
discretion,n,"усмотрение, осторожность",,,
discrimination,n,дискриминация,,,
disregard,v,"пренебрегать, игнорировать",,,
dismissal,n,"увольнение, отклонение",,,
displace,v,"вытеснять, перемещать",,,
disposal,n,"распоряжение, утилизация",,,
dispose of,v,избавляться от,,,
dispute,n,спор,,,
dispute,v,оспаривать,,,
disrupt,v,"срывать, нарушать",,,
disruption,n,"срыв, нарушение",,,
dissolve,v,"растворять(ся), распускать",,,
distinction,n,"различие, отличие",,,
distinctive,adj,"характерный, самобытный",,,
distort,v,искажать,,,
distress,n,"страдание, бедствие",,,
disturbing,adj,тревожный,,,
divert,v,"отвлекать, перенаправлять",,,
divine,adj,божественный,,,
doctrine,n,доктрина,,,
documentation,n,документация,,,
domain,n,"область, домен",,,
dominance,n,господство,,,
donor,n,донор,,,
dose,n,доза,,,
drawback,n,недостаток,,,
drain,v,"осушать, истощать",,,
drift,v,дрейфовать,,,
drown,v,"тонуть, топить",,,
dual,adj,двойной,,,
dub,v,"окрестить, дублировать",,,
dumb,adj,"немой, глупый",,,
duo,n,дуэт,,,
earnings,n,заработок,,,
ease,n,лёгкость,,,
ease,v,"облегчать, ослаблять",,,
echo,n,"эхо, отголосок",,,
echo,v,"отражаться, повторять",,,
ecological,adj,экологический,,,
educator,n,педагог,,,
effectiveness,n,эффективность,,,
efficiency,n,"производительность, эффективность",,,
ego,n,"эго, самомнение",,,
elaborate,adj,тщательно проработанный,,,
electoral,adj,избирательный,,,
elevate,v,"поднимать, возвышать",,,
eligible,adj,имеющий право,,,
elite,n,элита,,,
embark,v,"начинать, отправляться",,,
embarrassment,n,смущение,,,
embassy,n,посольство,,,
embed,v,"встраивать, внедрять",,,
embody,v,воплощать,,,
emergence,n,"возникновение, появление",,,
empirical,adj,эмпирический,,,
empower,v,наделять полномочиями,,,
enact,v,"принимать (закон), вводить",,,
encompass,v,охватывать,,,
encouragement,n,ободрение,,,
encouraging,adj,обнадёживающий,,,
endeavour,n,"усилие, начинание",,,
endless,adj,бесконечный,,,
endorse,v,"одобрять, поддерживать",,,
endorsement,n,"поддержка, одобрение",,,
endure,v,"выдерживать, терпеть",,,
enforce,v,"обеспечивать соблюдение, принуждать",,,
enforcement,n,"принуждение, правоприменение",,,
engagement,n,"вовлечённость, помолвка",,,
engaging,adj,увлекательный,,,
enrich,v,обогащать,,,
enrol,v,"записывать(ся), зачислять",,,
enterprise,n,предприятие,,,
enthusiast,n,энтузиаст,,,
entitle,v,"давать право, озаглавливать",,,
entity,n,"субъект, сущность",,,
epidemic,n,эпидемия,,,
equality,n,равенство,,,
equation,n,уравнение,,,
erect,v,"возводить, сооружать",,,
escalate,v,"эскалировать, нарастать",,,
escort,n,"сопровождение, эскорт",,,
escort,v,сопровождать,,,
essence,n,суть,,,
establishment,n,"учреждение, истеблишмент",,,
eternal,adj,вечный,,,
evacuate,v,эвакуировать,,,
evoke,v,"вызывать, пробуждать",,,
evolutionary,adj,эволюционный,,,
exaggerate,v,преувеличивать,,,
excellence,n,"совершенство, высокое качество",,,
exceptional,adj,исключительный,,,
excess,n,избыток,,,
exclusion,n,исключение,,,
exclusive,adj,"эксклюзивный, исключительный",,,
exclusively,adv,исключительно,,,
execute,v,"казнить, исполнять",,,
execution,n,"казнь, исполнение",,,
exert,v,"оказывать (влияние), прилагать",,,
exile,n,"изгнание, изгнанник",,,
expenditure,n,расходы,,,
experimental,adj,экспериментальный,,,
expire,v,истекать (о сроке),,,
explicit,adj,"явный, откровенный",,,
explicitly,adv,"явно, прямо",,,
exploitation,n,эксплуатация,,,
explosive,n,взрывчатка,,,
explosive,adj,взрывной,,,
extremist,n,экстремист,,,
facilitate,v,"содействовать, облегчать",,,
faction,n,фракция,,,
fade,v,"увядать, исчезать",,,
fairness,n,справедливость,,,
fatal,adj,"смертельный, роковой",,,
fate,n,судьба,,,
favourable,adj,благоприятный,,,
feat,n,подвиг,,,
felony,n,тяжкое преступление,,,
feminist,n,феминист(ка),,,
feminist,adj,феминистский,,,
fibre,n,"волокно, клетчатка",,,
fierce,adj,"ожесточённый, свирепый",,,
filmmaker,n,кинорежиссёр,,,
filter,n,фильтр,,,
filter,v,фильтровать,,,
firearm,n,огнестрельное оружие,,,
fiscal,adj,"бюджетный, финансовый",,,
flaw,n,"изъян, недостаток",,,
flawed,adj,"несовершенный, ошибочный",,,
flee,v,"бежать, спасаться бегством",,,
fleet,n,"флот, автопарк",,,
flesh,n,"плоть, мякоть",,,
flexibility,n,гибкость,,,
flourish,v,процветать,,,
fluid,n,жидкость,,,
footage,n,видеоматериал,,,
foresee,v,предвидеть,,,
foreigner,n,иностранец,,,
forge,v,"ковать, подделывать",,,
formula,n,формула,,,
formulate,v,формулировать,,,
forth,adv,"вперёд, дальше",,,
forthcoming,adj,предстоящий,,,
foster,v,"способствовать, воспитывать",,,
fragile,adj,хрупкий,,,
franchise,n,франшиза,,,
frankly,adv,откровенно,,,
fraudulent,adj,мошеннический,,,
frustrating,adj,разочаровывающий,,,
frustration,n,"разочарование, фрустрация",,,
functional,adj,функциональный,,,
fundraising,n,сбор средств,,,
gambling,n,азартные игры,,,
gathering,n,собрание,,,
gaze,v,пристально смотреть,,,
gear,n,"снаряжение, механизм",,,
generic,adj,"общий, типовой",,,
genocide,n,геноцид,,,
glance,v,мельком взглянуть,,,
glimpse,n,"мелькание, проблеск",,,
glorious,adj,"славный, великолепный",,,
glory,n,слава,,,
governance,n,управление,,,
grace,n,"грация, милость",,,
grasp,v,"хватать, постигать",,,
grave,adj,"серьёзный, тяжкий",,,
gravity,n,"гравитация, серьёзность",,,
grid,n,"сеть, решётка",,,
grief,n,горе,,,
grin,v,ухмыляться,,,
grind,v,"молоть, шлифовать",,,
grip,n,хватка,,,
grip,v,"сжимать, захватывать",,,
gross,adj,"валовой, вопиющий",,,
guerrilla,n,партизан,,,
guidance,n,"руководство, наставление",,,
guilt,n,вина,,,
gut,n,"кишечник, чутьё",,,
hail,v,"приветствовать, окликать",,,
halfway,adv,на полпути,,,
halt,v,останавливать(ся),,,
handful,n,"горсть, горстка",,,
handling,n,"обращение, обработка",,,
handy,adj,"удобный, полезный",,,
harassment,n,"преследование, домогательство",,,
hardware,n,"оборудование, техника",,,
harmony,n,гармония,,,
harsh,adj,"суровый, резкий",,,
harvest,n,урожай,,,
harvest,v,собирать урожай,,,
hatred,n,ненависть,,,
haunt,v,"преследовать, являться",,,
hazard,n,"опасность, риск",,,
hence,adv,"поэтому, отсюда",,,
heighten,v,"усиливать, обострять",,,
heritage,n,наследие,,,
hierarchy,n,иерархия,,,
high-profile,adj,"громкий, заметный",,,
homeland,n,родина,,,
hopeful,adj,"надеющийся, многообещающий",,,
horizon,n,горизонт,,,
hostage,n,заложник,,,
hostile,adj,враждебный,,,
hostility,n,враждебность,,,
humanitarian,adj,гуманитарный,,,
humanity,n,"человечность, человечество",,,
humble,adj,"скромный, смиренный",,,
hydrogen,n,водород,,,
hypothesis,n,гипотеза,,,
identification,n,"идентификация, опознание",,,
ideological,adj,идеологический,,,
ideology,n,идеология,,,
ignorance,n,невежество,,,
imagery,n,"образы, символика",,,
immense,adj,огромный,,,
imminent,adj,"неизбежный, надвигающийся",,,
implementation,n,"внедрение, реализация",,,
imprison,v,заключать в тюрьму,,,
inability,n,неспособность,,,
inadequate,adj,"неадекватный, недостаточный",,,
inappropriate,adj,неуместный,,,
incarcerate,v,заключать в тюрьму,,,
incarceration,n,лишение свободы,,,
incidence,n,частота (случаев),,,
inclined,adj,склонный,,,
inclusion,n,включение,,,
incur,v,"навлечь на себя, понести",,,
indicator,n,показатель,,,
indictment,n,обвинительный акт,,,
indigenous,adj,коренной,,,
induce,v,"вызывать, побуждать",,,
indulge,v,"баловать, потакать",,,
inequality,n,неравенство,,,
infamous,adj,печально известный,,,
infect,v,заражать,,,
inflict,v,"причинять, наносить",,,
influential,adj,влиятельный,,,
infrastructure,n,инфраструктура,,,
inherent,adj,"неотъемлемый, присущий",,,
inhibit,v,"сдерживать, тормозить",,,
initiate,v,инициировать,,,
inject,v,"впрыскивать, вливать",,,
injection,n,инъекция,,,
injustice,n,несправедливость,,,
inmate,n,заключённый,,,
inquire,v,"спрашивать, наводить справки",,,
insertion,n,вставка,,,
insider,n,инсайдер,,,
inspect,v,"осматривать, инспектировать",,,
inspection,n,"проверка, инспекция",,,
inspiration,n,вдохновение,,,
instinct,n,инстинкт,,,
institutional,adj,институциональный,,,
instruct,v,"инструктировать, обучать",,,
instrumental,adj,"ключевой, инструментальный",,,
insufficient,adj,недостаточный,,,
insult,n,оскорбление,,,
insult,v,оскорблять,,,
intact,adj,"нетронутый, неповреждённый",,,
intake,n,"потребление, приём",,,
integral,adj,неотъемлемый,,,
integrated,adj,интегрированный,,,
integration,n,интеграция,,,
integrity,n,"честность, целостность",,,
intensify,v,усиливать(ся),,,
intensity,n,интенсивность,,,
intensive,adj,интенсивный,,,
intent,n,намерение,,,
interactive,adj,интерактивный,,,
interface,n,интерфейс,,,
interfere,v,вмешиваться,,,
interference,n,вмешательство,,,
interim,adj,"промежуточный, временный",,,
interior,n,"внутренность, интерьер",,,
interior,adj,внутренний,,,
intermediate,adj,промежуточный,,,
intersection,n,"перекрёсток, пересечение",,,
intervene,v,вмешиваться,,,
intervention,n,вмешательство,,,
intimate,adj,"близкий, интимный",,,
intriguing,adj,интригующий,,,
inventory,n,"инвентарь, опись",,,
investigator,n,следователь,,,
invisible,adj,невидимый,,,
invoke,v,"призывать, ссылаться на",,,
involvement,n,"вовлечённость, участие",,,
ironic,adj,ироничный,,,
ironically,adv,по иронии,,,
irony,n,ирония,,,
irrelevant,adj,"неуместный, нерелевантный",,,
isolation,n,изоляция,,,
judicial,adj,судебный,,,
jurisdiction,n,юрисдикция,,,
just,adj,справедливый,,,
justification,n,обоснование,,,
landlord,n,"арендодатель, домовладелец",,,
landmark,n,"ориентир, достопримечательность",,,
lap,n,колени,,,
large-scale,adj,масштабный,,,
latter,adj,последний (из упомянутых),,,
lawmaker,n,законодатель,,,
lawn,n,газон,,,
lawsuit,n,судебный иск,,,
layout,n,"макет, планировка",,,
leak,n,утечка,,,
leak,v,"протекать, просачиваться",,,
leap,v,"прыгать, резко возрастать",,,
legacy,n,наследие,,,
legendary,adj,легендарный,,,
legislation,n,законодательство,,,
legislative,adj,законодательный,,,
legislature,n,законодательный орган,,,
legitimate,adj,"законный, обоснованный",,,
lengthy,adj,"длительный, затяжной",,,
lesbian,adj,лесбийский,,,
lesbian,n,лесбиянка,,,
lesser,adj,меньший,,,
lethal,adj,смертельный,,,
liable,adj,"ответственный, подверженный",,,
liability,n,"ответственность, обязательство",,,
liberal,adj,либеральный,,,
liberal,n,либерал,,,
liberation,n,освобождение,,,
liberty,n,свобода,,,
lifelong,adj,пожизненный,,,
likelihood,n,вероятность,,,
limb,n,конечность,,,
linear,adj,линейный,,,
line-up,n,"состав, линейка",,,
linger,v,"задерживаться, медлить",,,
listing,n,"список, листинг",,,
literacy,n,грамотность,,,
lobby,n,"лобби, вестибюль",,,
lobby,v,лоббировать,,,
logic,n,логика,,,
long-standing,adj,"давний, многолетний",,,
long-time,adj,давний,,,
loom,v,"маячить, нависать",,,
loop,n,"петля, цикл",,,
loyalty,n,"верность, лояльность",,,
machinery,n,"механизмы, аппарат",,,
magical,adj,волшебный,,,
magnetic,adj,магнитный,,,
magnitude,n,"величина, масштаб",,,
mainland,n,материк,,,
mainstream,n,мейнстрим,,,
mainstream,adj,"основной, массовый",,,
maintenance,n,"обслуживание, содержание",,,
mandate,n,"мандат, полномочия",,,
mandatory,adj,обязательный,,,
manifest,v,проявлять(ся),,,
manipulate,v,манипулировать,,,
manipulation,n,манипуляция,,,
manuscript,n,рукопись,,,
march,n,"марш, шествие",,,
march,v,маршировать,,,
marginal,adj,"незначительный, маргинальный",,,
marine,adj,морской,,,
marketplace,n,"рынок, торговая площадка",,,
massacre,n,резня,,,
mathematical,adj,математический,,,
mature,adj,зрелый,,,
maximise,v,максимизировать,,,
meaningful,adj,"значимый, осмысленный",,,
meantime,n,промежуток времени,,,
medieval,adj,средневековый,,,
meditation,n,медитация,,,
melody,n,мелодия,,,
memo,n,"записка, служебное письмо",,,
memoir,n,мемуары,,,
memorial,n,"памятник, мемориал",,,
mentor,n,наставник,,,
merchant,n,"купец, торговец",,,
mercy,n,"милосердие, пощада",,,
mere,adj,"всего лишь, простой",,,
merely,adv,"лишь, всего лишь",,,
merge,v,объединять(ся),,,
merger,n,слияние,,,
merit,n,"достоинство, заслуга",,,
in the midst of,prep,"посреди, в разгар",,,
migration,n,миграция,,,
militant,n,боевик,,,
militant,adj,воинствующий,,,
militia,n,ополчение,,,
minimal,adj,минимальный,,,
minimise,v,минимизировать,,,
mining,n,добыча полезных ископаемых,,,
ministry,n,министерство,,,
minute,adj,крошечный,,,
miracle,n,чудо,,,
misery,n,"страдание, нищета",,,
misleading,adj,вводящий в заблуждение,,,
mismanagement,n,плохое управление,,,
missile,n,ракета,,,
mob,n,толпа,,,
mobility,n,мобильность,,,
mobilise,v,мобилизовать,,,
moderate,adj,умеренный,,,
modification,n,"изменение, доработка",,,
module,n,модуль,,,
momentum,n,"импульс, динамика",,,
monk,n,монах,,,
monopoly,n,монополия,,,
morality,n,"мораль, нравственность",,,
motive,n,мотив,,,
municipal,adj,муниципальный,,,
mutual,adj,взаимный,,,
naive,adj,наивный,,,
namely,adv,а именно,,,
nationwide,adj,общенациональный,,,
nationwide,adv,по всей стране,,,
naval,adj,военно-морской,,,
neglect,v,"пренебрегать, забрасывать",,,
neighbouring,adj,соседний,,,
newsletter,n,информационный бюллетень,,,
niche,n,ниша,,,
noble,adj,благородный,,,
nod,v,кивать,,,
nominate,v,"выдвигать, назначать",,,
nomination,n,"выдвижение, номинация",,,
nominee,n,"кандидат, номинант",,,
nonetheless,adv,тем не менее,,,
non-profit,adj,некоммерческий,,,
nonsense,n,ерунда,,,
norm,n,норма,,,
notable,adj,примечательный,,,
notably,adv,"особенно, в частности",,,
notify,v,уведомлять,,,
notorious,adj,печально известный,,,
nursery,n,"ясли, питомник",,,
objection,n,возражение,,,
oblige,v,"обязывать, оказывать услугу",,,
obsess,v,овладевать (мыслями),,,
obsession,n,"наваждение, одержимость",,,
occasional,adj,"случайный, временами",,,
occurrence,n,"случай, явление",,,
odds,n,шансы,,,
offering,n,предложение,,,
offspring,n,потомство,,,
operational,adj,"операционный, действующий",,,
opt,v,выбирать,,,
optimism,n,оптимизм,,,
oral,adj,устный,,,
organisational,adj,организационный,,,
orientation,n,ориентация,,,
originate,v,"зарождаться, возникать",,,
outbreak,n,"вспышка, начало",,,
outing,n,"вылазка, прогулка",,,
outlet,n,"торговая точка, выход",,,
outlook,n,"взгляд, перспектива",,,
outrage,n,возмущение,,,
outsider,n,аутсайдер,,,
overlook,v,"не замечать, упускать",,,
overly,adv,чрезмерно,,,
oversee,v,"контролировать, наблюдать",,,
overturn,v,"опрокидывать, отменять",,,
overwhelm,v,"подавлять, переполнять",,,
overwhelming,adj,подавляющий,,,
parameter,n,параметр,,,
parental,adj,родительский,,,
partial,adj,частичный,,,
partially,adv,частично,,,
passing,n,"прохождение, уход из жизни",,,
passing,adj,мимолётный,,,
passive,adj,пассивный,,,
pastor,n,пастор,,,
patent,n,патент,,,
pathway,n,"путь, дорожка",,,
patrol,n,патруль,,,
patrol,v,патрулировать,,,
patron,n,"покровитель, клиент",,,
peak,n,"пик, вершина",,,
peasant,n,крестьянин,,,
peculiar,adj,"своеобразный, странный",,,
persist,v,"настаивать, сохраняться",,,
persistent,adj,"настойчивый, устойчивый",,,
personnel,n,персонал,,,
petition,n,петиция,,,
philosopher,n,философ,,,
philosophical,adj,философский,,,
pioneer,n,первопроходец,,,
pipeline,n,трубопровод,,,
pit,n,яма,,,
plausible,adj,правдоподобный,,,
plea,n,"мольба, обращение",,,
plead,v,"умолять, заявлять",,,
pledge,n,"обещание, залог",,,
pledge,v,"обещать, закладывать",,,
plunge,n,"резкое падение, погружение",,,
plunge,v,"погружаться, резко падать",,,
pole,n,"полюс, столб",,,
poll,n,"опрос, голосование",,,
portfolio,n,портфель,,,
portray,v,"изображать, описывать",,,
postpone,v,откладывать,,,
post-war,adj,послевоенный,,,
practitioner,n,"специалист, практик",,,
preach,v,проповедовать,,,
precede,v,предшествовать,,,
precedent,n,прецедент,,,
precision,n,точность,,,
predator,n,хищник,,,
predecessor,n,предшественник,,,
predominantly,adv,преимущественно,,,
pregnancy,n,беременность,,,
prejudice,n,"предрассудок, предубеждение",,,
preliminary,adj,предварительный,,,
premier,n,премьер-министр,,,
premise,n,предпосылка,,,
premium,n,"премия, надбавка",,,
prescribe,v,"предписывать, назначать",,,
prescription,n,"рецепт, предписание",,,
presently,adv,в настоящее время,,,
preservation,n,сохранение,,,
preside,v,председательствовать,,,
presidency,n,президентство,,,
prestigious,adj,престижный,,,
presumably,adv,предположительно,,,
presume,v,предполагать,,,
prevail,v,"преобладать, возобладать",,,
prevalence,n,распространённость,,,
prevention,n,"предотвращение, профилактика",,,
prey,n,добыча,,,
privatization,n,приватизация,,,
privilege,n,привилегия,,,
probe,n,"расследование, зонд",,,
probe,v,"расследовать, зондировать",,,
problematic,adj,проблематичный,,,
proceeding,n,"разбирательство, протокол",,,
proceeds,n,выручка,,,
processing,n,обработка,,,
processor,n,процессор,,,
proclaim,v,провозглашать,,,
productive,adj,продуктивный,,,
productivity,n,производительность,,,
profitable,adj,прибыльный,,,
profound,adj,"глубокий, глубокомысленный",,,
projection,n,"прогноз, проекция",,,
prominent,adj,"видный, выдающийся",,,
pronounced,adj,ярко выраженный,,,
propaganda,n,пропаганда,,,
proposition,n,"предложение, утверждение",,,
prosecute,v,преследовать в судебном порядке,,,
prosecution,n,"обвинение, преследование",,,
prosecutor,n,"прокурор, обвинитель",,,
prospective,adj,"будущий, потенциальный",,,
prosperity,n,процветание,,,
protective,adj,защитный,,,
protocol,n,протокол,,,
province,n,провинция,,,
provincial,adj,провинциальный,,,
provision,n,"обеспечение, положение",,,
provoke,v,провоцировать,,,
psychiatric,adj,психиатрический,,,
pulse,n,пульс,,,
query,n,"запрос, вопрос",,,
quest,n,"поиск, стремление",,,
quota,n,квота,,,
radical,adj,радикальный,,,
rage,n,ярость,,,
raid,n,"набег, обыск",,,
raid,v,совершать набег,,,
rally,n,"митинг, ралли",,,
rally,v,"собирать(ся), сплачивать",,,
ranking,n,рейтинг,,,
rape,n,изнасилование,,,
rape,v,изнасиловать,,,
ratio,n,соотношение,,,
rational,adj,рациональный,,,
ray,n,луч,,,
readily,adv,"охотно, без труда",,,
realization,n,"осознание, реализация",,,
realm,n,"область, царство",,,
rear,n,задняя часть,,,
rear,adj,задний,,,
reasoning,n,рассуждение,,,
reassure,v,успокаивать,,,
rebel,n,повстанец,,,
rebellion,n,восстание,,,
recipient,n,получатель,,,
reconstruction,n,реконструкция,,,
recount,v,"пересказывать, пересчитывать",,,
recruitment,n,"набор, вербовка",,,
referendum,n,референдум,,,
reflection,n,"отражение, размышление",,,
reform,n,реформа,,,
reform,v,реформировать,,,
refuge,n,убежище,,,
refusal,n,отказ,,,
regain,v,"возвращать, восстанавливать",,,
regardless,adv,несмотря ни на что,,,
regime,n,режим,,,
regulator,n,регулятор,,,
regulatory,adj,регулирующий,,,
rehabilitation,n,реабилитация,,,
reign,n,правление,,,
reign,v,править,,,
rejection,n,"отказ, отторжение",,,
relevance,n,"актуальность, уместность",,,
reliability,n,надёжность,,,
reluctant,adj,"неохотный, нежелательный",,,
remainder,n,остаток,,,
remains,n,"останки, остатки",,,
remedy,n,"средство, лекарство",,,
reminder,n,напоминание,,,
removal,n,"удаление, вывоз",,,
render,v,"делать, оказывать, отображать",,,
renew,v,"возобновлять, продлевать",,,
renowned,adj,знаменитый,,,
rental,n,аренда,,,
replacement,n,замена,,,
reportedly,adv,по сообщениям,,,
representation,n,"представление, представительство",,,
reproduce,v,воспроизводить,,,
reproduction,n,"воспроизведение, размножение",,,
republic,n,республика,,,
resemble,v,"напоминать, быть похожим",,,
reside,v,проживать,,,
residence,n,"резиденция, место жительства",,,
residential,adj,жилой,,,
residue,n,"остаток, осадок",,,
resignation,n,отставка,,,
resistance,n,сопротивление,,,
respective,adj,"соответствующий, соответственно",,,
respectively,adv,соответственно,,,
restoration,n,"восстановление, реставрация",,,
restraint,n,"сдержанность, ограничение",,,
resume,v,возобновлять,,,
retreat,n,отступление,,,
retreat,v,отступать,,,
retrieve,v,"извлекать, восстанавливать",,,
revelation,n,откровение,,,
revenge,n,месть,,,
reverse,v,"разворачивать, отменять",,,
revival,n,возрождение,,,
revive,v,"оживлять, возрождать",,,
revolutionary,adj,революционный,,,
revolutionary,n,революционер,,,
rhetoric,n,риторика,,,
riot,n,бунт,,,
rip,v,рвать,,,
ritual,n,ритуал,,,
robust,adj,"надёжный, крепкий",,,
rod,n,"прут, стержень",,,
rookie,n,новичок,,,
roster,n,"список, график",,,
rotate,v,"вращать(ся), чередовать",,,
rotation,n,"вращение, ротация",,,
ruling,n,"решение, постановление",,,
ruling,adj,правящий,,,
rumour,n,слух,,,
sacred,adj,священный,,,
sacrifice,n,жертва,,,
sacrifice,v,жертвовать,,,
saint,n,святой,,,
sake,n,ради (для),,,
sanction,n,санкция,,,
saviour,n,спаситель,,,
scenario,n,сценарий,,,
scattered,adj,"разбросанный, рассеянный",,,
scope,n,"охват, рамки",,,
screw,n,винт,,,
screw,v,завинчивать,,,
scrutiny,n,тщательная проверка,,,
seal,n,"печать, тюлень",,,
seal,v,запечатывать,,,
secondly,adv,во-вторых,,,
secular,adj,светский,,,
seemingly,adv,по видимости,,,
segment,n,сегмент,,,
seize,v,"хватать, захватывать",,,
seldom,adv,редко,,,
selective,adj,избирательный,,,
sensation,n,"ощущение, сенсация",,,
sensitivity,n,чувствительность,,,
sentiment,n,"чувство, настроение",,,
separation,n,"разделение, разлука",,,
serial,adj,серийный,,,
settlement,n,"поселение, урегулирование",,,
setup,n,"настройка, устройство",,,
sexuality,n,сексуальность,,,
shareholder,n,акционер,,,
shatter,v,разбивать вдребезги,,,
shed,v,"проливать, сбрасывать",,,
sheer,adj,"совершенный, чистый",,,
shipping,n,"судоходство, доставка",,,
shrink,v,"сжиматься, сокращаться",,,
shrug,v,пожимать плечами,,,
sigh,v,вздыхать,,,
simulate,v,"имитировать, моделировать",,,
simulation,n,"моделирование, симуляция",,,
simultaneously,adv,одновременно,,,
sin,n,грех,,,
situated,adj,расположенный,,,
sceptical,adj,скептический,,,
sketch,n,"эскиз, набросок",,,
slash,n,"сокращение, рубящий удар",,,
slash,v,"сокращать, рубить",,,
slavery,n,рабство,,,
slot,n,"слот, место",,,
smash,v,разбивать,,,
snap,v,"щёлкать, ломать",,,
soak,v,"мочить, пропитывать",,,
soar,v,"взлетать, резко расти",,,
socialist,adj,социалистический,,,
socialist,n,социалист,,,
sole,adj,единственный,,,
solely,adv,исключительно,,,
solidarity,n,солидарность,,,
solo,n,соло,,,
solo,adj,"сольный, одиночный",,,
sovereignty,n,суверенитет,,,
span,n,"промежуток, размах",,,
span,v,"охватывать, длиться",,,
spark,n,искра,,,
spark,v,"вызывать, разжигать",,,
specialised,adj,специализированный,,,
specification,n,"техническое задание, спецификация",,,
specimen,n,"образец, экземпляр",,,
spectacle,n,зрелище,,,
spectrum,n,спектр,,,
sphere,n,сфера,,,
spin,v,"вращать(ся), прясть",,,
spine,n,позвоночник,,,
spotlight,n,"центр внимания, прожектор",,,
spouse,n,супруг(а),,,
squad,n,"команда, отряд",,,
squeeze,v,"сжимать, выжимать",,,
stab,v,"закалывать, наносить удар",,,
stability,n,стабильность,,,
stabilise,v,стабилизировать,,,
stake,n,"ставка, доля",,,
standing,n,"положение, репутация",,,
stark,adj,"резкий, суровый",,,
statistical,adj,статистический,,,
steer,v,"направлять, управлять",,,
stem from,v,проистекать из,,,
stereotype,n,стереотип,,,
stimulus,n,стимул,,,
stir,v,"мешать, будоражить",,,
storage,n,"хранение, склад",,,
straightforward,adj,"простой, незамысловатый",,,
strain,n,"напряжение, нагрузка",,,
strand,n,"прядь, компонент",,,
strategic,adj,стратегический,,,
strip,n,"полоска, лента",,,
strive,v,стремиться,,,
structural,adj,структурный,,,
stumble,v,"спотыкаться, набрести",,,
stun,v,ошеломлять,,,
submission,n,"подача, подчинение",,,
subscriber,n,подписчик,,,
subscription,n,подписка,,,
subsequent,adj,последующий,,,
subsequently,adv,впоследствии,,,
subsidy,n,субсидия,,,
substantial,adj,значительный,,,
substantially,adv,значительно,,,
substitute,n,"замена, заменитель",,,
substitute,v,заменять,,,
substitution,n,замена,,,
subtle,adj,"тонкий, неуловимый",,,
suburban,adj,пригородный,,,
succession,n,"преемственность, череда",,,
successive,adj,последовательный,,,
successor,n,преемник,,,
suck,v,сосать,,,
sue,v,подавать в суд,,,
suicide,n,самоубийство,,,
suite,n,"люкс, набор",,,
summit,n,"саммит, вершина",,,
superb,adj,великолепный,,,
superintendent,n,"управляющий, инспектор",,,
superior,adj,"превосходный, вышестоящий",,,
supervise,v,"контролировать, руководить",,,
supervision,n,надзор,,,
supervisor,n,"руководитель, куратор",,,
supplement,n,"дополнение, добавка",,,
supplement,v,дополнять,,,
supportive,adj,поддерживающий,,,
supposedly,adv,предположительно,,,
suppress,v,подавлять,,,
supreme,adj,высший,,,
surge,n,"всплеск, волна",,,
surge,v,"расти, накатывать",,,
surgical,adj,хирургический,,,
surplus,n,"излишек, профицит",,,
surrender,v,сдаваться,,,
surveillance,n,"наблюдение, слежка",,,
suspension,n,"приостановка, подвеска",,,
suspicion,n,подозрение,,,
suspicious,adj,подозрительный,,,
sustain,v,"поддерживать, выдерживать",,,
symbolic,adj,символический,,,
syndrome,n,синдром,,,
synthesis,n,синтез,,,
systematic,adj,систематический,,,
tackle,v,"решать (проблему), бороться",,,
tactic,n,тактика,,,
tactical,adj,тактический,,,
taxpayer,n,налогоплательщик,,,
tempt,v,соблазнять,,,
tenant,n,арендатор,,,
tender,adj,"нежный, мягкий",,,
tenure,n,срок пребывания в должности,,,
terminate,v,прекращать,,,
terrain,n,местность,,,
terrific,adj,"отличный, потрясающий",,,
testify,v,свидетельствовать,,,
testimony,n,"показание, свидетельство",,,
texture,n,текстура,,,
thankfully,adv,к счастью,,,
theatrical,adj,театральный,,,
theology,n,богословие,,,
theoretical,adj,теоретический,,,
thereafter,adv,после этого,,,
thereby,adv,тем самым,,,
thesis,n,"тезис, диссертация",,,
thoughtful,adj,"вдумчивый, заботливый",,,
thread,n,"нить, тема (обсуждения)",,,
threshold,n,порог,,,
thrilled,adj,в восторге,,,
thrive,v,процветать,,,
tide,n,прилив,,,
tighten,v,"затягивать, ужесточать",,,
timber,n,древесина,,,
timely,adj,своевременный,,,
tobacco,n,табак,,,
tolerance,n,"терпимость, допуск",,,
tolerate,v,"терпеть, допускать",,,
toll,n,"дань, потери, плата за проезд",,,
torture,n,пытка,,,
torture,v,пытать,,,
toss,v,"бросать, подбрасывать",,,
trademark,n,товарный знак,,,
trail,n,"тропа, след",,,
trail,v,"тащиться, следовать",,,
traitor,n,предатель,,,
transaction,n,"сделка, транзакция",,,
transcript,n,"стенограмма, расшифровка",,,
transformation,n,преобразование,,,
transit,n,транзит,,,
transmission,n,"передача, трансмиссия",,,
transparency,n,прозрачность,,,
transparent,adj,прозрачный,,,
trauma,n,травма,,,
treaty,n,договор,,,
tremendous,adj,"огромный, потрясающий",,,
tribal,adj,племенной,,,
tribute,n,дань уважения,,,
trigger,n,"спусковой крючок, триггер",,,
trigger,v,"запускать, провоцировать",,,
trio,n,трио,,,
triumph,n,триумф,,,
trophy,n,трофей,,,
troubled,adj,"неблагополучный, тревожный",,,
trustee,n,попечитель,,,
tuition,n,"обучение, плата за обучение",,,
tumour,n,опухоль,,,
turnout,n,"явка, итог",,,
turnover,n,оборот,,,
twist,v,"скручивать, искажать",,,
unconstitutional,adj,неконституционный,,,
undergraduate,n,студент,,,
underlying,adj,лежащий в основе,,,
undermine,v,подрывать,,,
undoubtedly,adv,несомненно,,,
unify,v,объединять,,,
unprecedented,adj,беспрецедентный,,,
unveil,v,"представлять, открывать",,,
upcoming,adj,предстоящий,,,
upgrade,v,"модернизировать, улучшать",,,
uphold,v,"поддерживать, отстаивать",,,
utility,n,"полезность, коммунальная услуга",,,
utilise,v,использовать,,,
utterly,adv,"совершенно, полностью",,,
vacuum,n,вакуум,,,
vague,adj,расплывчатый,,,
validity,n,"обоснованность, срок действия",,,
vanish,v,исчезать,,,
variable,n,переменная,,,
variable,adj,изменчивый,,,
varied,adj,разнообразный,,,
vein,n,"вена, жилка",,,
venture,n,"предприятие, рискованное начинание",,,
verbal,adj,"словесный, устный",,,
verdict,n,вердикт,,,
verify,v,"проверять, подтверждать",,,
verse,n,стих,,,
versus,prep,против,,,
vessel,n,"судно, сосуд",,,
veteran,n,ветеран,,,
viable,adj,жизнеспособный,,,
vibrant,adj,"живой, яркий",,,
vice,n,порок,,,
vicious,adj,"порочный, жестокий",,,
violate,v,нарушать,,,
violation,n,нарушение,,,
virtue,n,"добродетель, достоинство",,,
vocal,adj,"голосовой, громкий",,,
vow,v,"клясться, давать обет",,,
vulnerability,n,уязвимость,,,
vulnerable,adj,уязвимый,,,
ward,n,"палата, округ",,,
warehouse,n,склад,,,
warfare,n,ведение войны,,,
warrant,n,"ордер, основание",,,
warrant,v,"гарантировать, оправдывать",,,
warrior,n,воин,,,
weaken,v,ослаблять,,,
weave,v,ткать,,,
weed,n,сорняк,,,
well,n,колодец,,,
well-being,n,благополучие,,,
whatsoever,adv,нисколько,,,
whip,v,"стегать, взбивать",,,
wholly,adv,"целиком, полностью",,,
widen,v,расширять,,,
width,n,ширина,,,
willingness,n,готовность,,,
wipe,v,"вытирать, стирать",,,
wit,n,остроумие,,,
withdrawal,n,"вывод, изъятие",,,
workout,n,тренировка,,,
worship,n,поклонение,,,
worship,v,поклоняться,,,
worthwhile,adj,стоящий того,,,
worthy,adj,достойный,,,
wrongdoing,n,проступок,,,
yield,v,"приносить, уступать",,,
add up to something,phr,"равняться, составлять в сумме",Your purchases add up to $24.,Ваши покупки составляют в сумме 24 доллара.,
ask around,phr,расспрашивать многих об одном и том же,I asked around but nobody has seen my wallet.,"Я расспрашивал всех вокруг, но никто не видел мой кошелёк.",
ask somebody out,phr,пригласить на свидание,Brian asked Judy out to dinner.,Брайан пригласил Джуди на ужин.,
back something up,phr,сдавать назад,You'll have to back up your car so that I can get out.,"Тебе придётся сдать машину назад, чтобы я мог выйти.",
back somebody up,phr,поддерживать,My wife backed me up over my decision to quit my job.,Жена поддержала меня в решении уволиться.,
blow up,phr,взрываться,The racing car blew up after it crashed into the fence.,"Гоночный автомобиль взорвался после того, как врезался в ограждение.",
blow something up,phr,надувать,We have to blow 50 balloons up for the party.,Нам нужно надуть 50 шариков к вечеринке.,
break down,phr,"ломаться (о машине, механизме)",Our car broke down at the side of the highway in the snowstorm.,Наша машина сломалась на обочине шоссе в метель.,
break down,phr2,"расстраиваться, срываться",The woman broke down when the police told her that her son had died.,"Женщина разрыдалась, когда полиция сообщила ей о смерти сына.",
break something down,phr,разделять на более мелкие части,Our teacher broke the final project down into three separate parts.,Учитель разбил итоговый проект на три отдельные части.,
break in,phr,вламываться,Somebody broke in last night and stole our stereo.,Кто-то вломился к нам прошлой ночью и украл музыкальный центр.,
break into something,phr,проникать силой,The firemen had to break into the room to rescue the children.,"Пожарным пришлось взломать дверь в комнату, чтобы спасти детей.",
break something in,phr,"разнашивать, обживать вещь",I need to break these shoes in before we run next week.,Мне нужно разносить эти туфли до забега на следующей неделе.,
break in,phr2,"прерывать, вклиниваться",The TV station broke in to report the news of the president's death.,"Телеканал прервал передачу, чтобы сообщить о смерти президента.",
break up,phr,расставаться,My boyfriend and I broke up before I moved to America.,"Мы с парнем расстались до того, как я переехала в Америку.",
break up,phr2,рассмеяться (разг.),The kids just broke up as soon as the clown started talking.,"Дети так и покатились со смеху, как только клоун заговорил.",
break out,phr,сбегать,The prisoners broke out of jail when the guards weren't looking.,"Заключённые сбежали из тюрьмы, когда охранники не смотрели.",
break out in something,phr,"покрываться сыпью, высыпаниями",I broke out in a rash after our camping trip.,После похода я покрылась сыпью.,
bring somebody down,phr,"расстраивать, угнетать",This sad music is bringing me down.,Эта грустная музыка наводит на меня тоску.,
bring somebody up,phr,воспитывать ребёнка,My grandparents brought me up after my parents died.,После смерти родителей меня воспитали бабушка с дедушкой.,
bring something up,phr,поднимать тему в разговоре,My mother walks out of the room when my father brings up sports.,"Мама выходит из комнаты, когда папа заводит разговор о спорте.",
bring something up,phr2,"вырвать, стошнить",He drank so much that he brought his dinner up in the toilet.,"Он так много выпил, что его стошнило ужином в туалете.",
call around,phr,обзванивать разные места и людей,We called around but we weren't able to find the car part we needed.,"Мы обзвонили кучу мест, но так и не нашли нужную деталь.",
call somebody back,phr,перезванивать,I called the company back but the offices were closed for the weekend.,"Я перезвонил в компанию, но офисы были закрыты на выходные.",
call something off,phr,отменять,Jason called the wedding off because he wasn't in love with his fiancé.,"Джейсон отменил свадьбу, потому что не любил свою невесту.",
call on somebody,phr,вызывать для ответа,The professor called on me for question 1.,Профессор вызвал меня отвечать на первый вопрос.,
call on somebody,phr2,заходить к кому-либо в гости,We called on you last night but you weren't home.,"Мы заходили к вам вчера вечером, но вас не было дома.",
call somebody up,phr,звонить по телефону,Give me your phone number and I will call you up when we are in town.,"Дай мне свой номер, и я позвоню тебе, когда мы будем в городе.",
calm down,phr,успокаиваться,You are still mad. You need to calm down before you drive the car.,"Ты всё ещё злишься. Тебе нужно успокоиться, прежде чем садиться за руль.",
not care for somebody/ something,phr,не любить (офиц.),I don't care for his behaviour.,Мне не нравится его поведение.,
catch up,phr,"догонять, достигать того же уровня",You'll have to run faster than that if you want to catch up with Marty.,"Тебе придётся бежать быстрее, если хочешь догнать Марти.",
check in,phr,регистрироваться в отеле или аэропорту,We will get the hotel keys when we check in.,"Мы получим ключи от номера, когда зарегистрируемся.",
check out,phr,выезжать из отеля,You have to check out of the hotel before 11:00 AM.,Нужно выехать из отеля до 11 утра.,
check somebody/ something out,phr,"внимательно проверять, расследовать",The company checks out all new employees.,Компания проверяет всех новых сотрудников.,
check out somebody/ something,phr,"посмотреть, взглянуть (разг.)",Check out the crazy hair on that guy!,Глянь на безумную причёску того парня!,
cheer up,phr,становиться веселее,She cheered up when she heard the good news.,"Она воспряла духом, когда услышала хорошую новость.",
cheer somebody up,phr,поднимать настроение,I brought you some flowers to cheer you up.,"Я принёс тебе цветы, чтобы поднять настроение.",
chip in,phr,"помогать, скидываться",If everyone chips in we can get the kitchen painted by noon.,"Если все помогут, мы покрасим кухню к обеду.",
clean something up,phr,"прибирать, наводить чистоту",Please clean up your bedroom before you go outside.,"Пожалуйста, уберись в своей комнате, прежде чем идти гулять.",
come across something,phr,"натыкаться, находить случайно",I came across these old photos when I was tidying the closet.,"Я наткнулся на эти старые фотографии, когда разбирал шкаф.",
come apart,phr,распадаться на части,The top and bottom come apart if you pull hard enough.,"Верхняя и нижняя части разделяются, если потянуть достаточно сильно.",
come down with something,phr,заболеть чем-либо,My nephew came down with chicken pox this weekend.,Мой племянник заболел ветрянкой на этих выходных.,
come forward,phr,"вызваться, предоставить информацию",The woman came forward with her husband's finger prints.,Женщина пришла и предоставила отпечатки пальцев своего мужа.,
come from some place,phr,происходить откуда-либо,The art of origami comes from Asia.,Искусство оригами происходит из Азии.,
count on somebody/ something,phr,рассчитывать на кого-либо/что-либо,I am counting on you to make dinner while I am out.,"Я рассчитываю, что ты приготовишь ужин, пока меня не будет.",
cross something out,phr,вычёркивать,Please cross out your old address and write your new one.,"Пожалуйста, вычеркни старый адрес и напиши новый.",
cut back on something,phr,сокращать потребление чего-либо,My doctor wants me to cut back on sweets and fatty foods.,"Врач хочет, чтобы я ел меньше сладкого и жирного.",
cut something down,phr,"срубать, валить",We had to cut the old tree in our yard down after the storm.,После шторма нам пришлось спилить старое дерево во дворе.,
cut in,phr,"вмешиваться, перебивать",Your father cut in while I was dancing with your uncle.,"Твой отец вмешался, когда я танцевала с твоим дядей.",
cut in,phr2,подрезать на дороге,The bus driver got angry when that car cut in.,"Водитель автобуса рассердился, когда та машина подрезала его.",
cut in,phr3,включаться автоматически,The air conditioner cuts in when the temperature gets to 22°C.,"Кондиционер включается, когда температура достигает 22°C.",
cut something off,phr,"отрезать, ампутировать",The doctors cut off his leg because it was severely injured.,"Врачи ампутировали ему ногу, потому что она была сильно повреждена.",
cut something off,phr2,"прекращать подачу, отключать",The phone company cut off our phone because we didn't pay the bill.,"Телефонная компания отключила нам телефон, потому что мы не оплатили счёт.",
cut somebody off,phr,лишать наследства,My grandparents cut my father off when he remarried.,"Бабушка с дедушкой лишили моего отца наследства, когда он женился повторно.",
cut something out,phr,вырезать,I cut this ad out of the newspaper.,Я вырезал это объявление из газеты.,
do somebody/ something over,phr,"избивать, громить (брит., разг.)",He's lucky to be alive. His shop was done over by a street gang.,Ему повезло остаться в живых. Его магазин разгромила уличная банда.,
do something over,phr,переделывать заново (амер.),My teacher wants me to do my essay over because she doesn't like my topic.,"Учительница хочет, чтобы я переписал эссе, потому что ей не нравится моя тема.",
do away with something,phr,избавляться от чего-либо,It's time to do away with all of these old tax records.,Пора избавиться от всех этих старых налоговых документов.,
do something up,phr,"застёгивать, закрывать",Do your coat up before you go outside. It's snowing!,"Застегни пальто, прежде чем выходить. Идёт снег!",
dress up,phr,наряжаться,It's a fancy restaurant so we have to dress up.,"Это фешенебельный ресторан, поэтому нам нужно нарядиться.",
drop back,phr,"откатываться назад (в позиции, группе)",Andrea dropped back to third place when she fell off her bike.,"Андреа откатилась на третье место, когда упала с велосипеда.",
drop in/ by/ over,phr,заходить без приглашения,I might drop in/by/over for tea sometime this week.,Я могу заглянуть на чай на этой неделе.,
drop somebody/ something off,phr,"подвозить, высаживать",I have to drop my sister off at work before I come over.,"Мне нужно сначала завезти сестру на работу, прежде чем приехать к тебе.",
drop out,phr,бросать учёбу,I dropped out of Science because it was too difficult.,"Я бросил естественные науки, потому что это было слишком сложно.",
eat out,phr,есть в ресторане,I don't feel like cooking tonight. Let's eat out.,Мне не хочется готовить сегодня вечером. Давай поедим где-нибудь.,
end up,phr,оказаться в итоге,We ended up renting a movie instead of going to the theatre.,"В итоге мы взяли фильм напрокат вместо того, чтобы идти в театр.",
fall apart,phr,распадаться на части,My new dress fell apart in the washing machine.,Моё новое платье развалилось в стиральной машине.,
fall down,phr,падать на землю,The picture that you hung up last night fell down this morning.,"Картина, которую ты повесил вчера вечером, упала этим утром.",
fall out,phr,выпадать откуда-либо,The money must have fallen out of my pocket.,"Деньги, должно быть, выпали из моего кармана.",
fall out,phr2,"выпадать (о волосах, зубах)",His hair started to fall out when he was only 35.,"У него начали выпадать волосы, когда ему было всего 35.",
figure something out,phr,"понять, разобраться",I need to figure out how to fit the piano and the bookshelf in this room.,"Мне нужно придумать, как разместить пианино и книжный шкаф в этой комнате.",
fill something in,phr,заполнять (брит.),"Please fill in the form with your name, address, and phone number.","Пожалуйста, заполните форму: имя, адрес и номер телефона.",
fill something out,phr,заполнять (амер.),The form must be filled out in capital letters.,Форму нужно заполнять печатными буквами.,
fill something up,phr,наполнять доверху,I always fill the water jug up when it is empty.,"Я всегда наполняю кувшин водой, когда он пустой.",
find out,phr,"узнавать, выяснять",We don't know where he lives. How can we find out?,"Мы не знаем, где он живёт. Как мы можем это выяснить?",
find something out,phr,"узнать, разузнать","We tried to keep the time of the party a secret, but Samantha found it out.","Мы пытались сохранить время вечеринки в секрете, но Саманта узнала.",
get something across/ over,phr,"донести мысль, объяснить",I tried to get my point across/over to the judge but she wouldn't listen.,"Я пытался донести свою мысль до судьи, но она не слушала.",
get along/on,phr,ладить друг с другом,I was surprised how well my new girlfriend and my sister got along/on.,"Я был удивлён, как хорошо ладят моя новая девушка и моя сестра.",
get around,phr,передвигаться,My grandfather can get around fine in his new wheelchair.,Мой дедушка отлично передвигается на своей новой инвалидной коляске.,
get away,phr,выбраться в отпуск,We worked so hard this year that we had to get away for a week.,"Мы так много работали в этом году, что нам нужно было выбраться на неделю отдохнуть.",
get away with something,phr,сделать что-либо безнаказанно,Jason always gets away with cheating in his maths tests.,"Джейсон всегда выходит сухим из воды, когда списывает на контрольных по математике.",
get back,phr,возвращаться,We got back from our vacation last week.,Мы вернулись с отпуска на прошлой неделе.,
get something back,phr,получить обратно,Liz finally got her Science notes back from my roommate.,Лиз наконец получила свои конспекты обратно от моего соседа по комнате.,
get back at somebody,phr,отомстить кому-либо,My sister got back at me for stealing her shoes. She stole my favourite hat.,"Сестра отомстила мне за то, что я взял её туфли. Она украла мою любимую шляпу.",
get back into something,phr,снова увлечься чем-либо,I finally got back into my novel and finished it.,Я наконец снова увлёкся своим романом и закончил его.,
get on something,phr,сесть в транспорт,We're going to freeze out here if you don't let us get on the bus.,"Мы замёрзнем здесь, если ты не впустишь нас в автобус.",
get over something,phr,оправиться от чего-либо,I just got over the flu and now my sister has it.,"Я только что оправился от гриппа, а теперь им заболела моя сестра.",
get over something,phr2,преодолеть проблему,The company will have to close if it can't get over the new regulations.,"Компании придётся закрыться, если она не сможет справиться с новыми правилами.",
get round to something,phr,наконец найти время для чего-либо,I don't know when I am going to get round to writing the thank you cards.,"Не знаю, когда я соберусь написать благодарственные открытки.",
get together,phr,собираться вместе,Let's get together for a BBQ this weekend.,Давай соберёмся на барбекю в эти выходные.,
get up,phr,вставать с постели,I got up early today to study for my exam.,"Сегодня я встал пораньше, чтобы подготовиться к экзамену.",
get up,phr2,вставать на ноги,You should get up and give the elderly man your seat.,Тебе стоит встать и уступить место пожилому мужчине.,
give somebody away,phr,выдать кого-либо,His wife gave him away to the police.,Его жена выдала его полиции.,
give somebody away,phr2,вести невесту к алтарю,My father gave me away at my wedding.,Отец вёл меня к алтарю на моей свадьбе.,
give something away,phr,испортить секрет,My little sister gave the surprise party away by accident.,Моя младшая сестра случайно проболталась о вечеринке-сюрпризе.,
give something away,phr2,отдавать бесплатно,The library was giving away old books on Friday.,В пятницу библиотека раздавала старые книги бесплатно.,
give something back,phr,возвращать взятое,I have to give these skates back to Franz before his hockey game.,Я должен вернуть эти коньки Францу до его хоккейного матча.,
give in,phr,неохотно уступать,"My boyfriend didn't want to go to the ballet, but he finally gave in.","Мой парень не хотел идти на балет, но в конце концов уступил.",
give something out,phr,раздавать (обычно бесплатно),They were giving out free perfume samples at the department store.,В универмаге раздавали бесплатные пробники парфюма.,
give something up,phr,бросать привычку,I am giving up smoking as of January 1st.,Я бросаю курить с первого января.,
give up,phr,прекращать попытки,My maths homework was too difficult so I gave up.,"Домашка по математике была слишком сложной, поэтому я сдался.",
go after somebody,phr,преследовать кого-либо,My brother tried to go after the thief in his car.,Мой брат попытался преследовать вора на своей машине.,
go after something,phr,добиваться чего-либо,I went after my dream and now I am a published writer.,"Я последовал за своей мечтой, и теперь я публикующийся писатель.",
go against somebody,phr,"соревноваться, противостоять",We are going against the best soccer team in the city tonight.,Сегодня вечером мы играем против лучшей футбольной команды города.,
go ahead,phr,"начинать, продолжать",Please go ahead and eat before the food gets cold.,"Ешь, пока еда не остыла.",
go back,phr,возвращаться куда-либо,I have to go back home and get my lunch.,Мне нужно вернуться домой и забрать свой обед.,
go out,phr,выходить куда-либо развлечься,We're going out for dinner tonight.,Сегодня вечером мы идём ужинать куда-нибудь.,
go out with somebody,phr,встречаться с кем-либо,Jesse has been going out with Luke since they met last winter.,"Джесси встречается с Люком с тех пор, как они познакомились прошлой зимой.",
go over something,phr,"просматривать, повторять",Please go over your answers before you submit your test.,"Проверь свои ответы, прежде чем сдавать тест.",
go over,phr,зайти в гости неподалёку,I haven't seen Tina for a long time. I think I'll go over for an hour or two.,"Я давно не видела Тину. Думаю, зайду к ней на часик-другой.",
go without something,phr,обходиться без чего-либо,"When I was young, we went without winter boots.","Когда я был маленьким, мы обходились без зимних ботинок.",
grow apart,phr,отдаляться друг от друга,My best friend and I grew apart after she changed schools.,"Мы с лучшей подругой отдалились друг от друга после того, как она сменила школу.",
grow back,phr,отрастать заново,My roses grew back this summer.,Мои розы отросли этим летом.,
grow into something,phr,дорасти до чего-либо,"This bike is too big for him now, but he should grow into it by next year.","Этот велосипед пока слишком велик для него, но к следующему году он должен до него дорасти.",
grow out of something,phr,вырасти из чего-либо,Elizabeth needs a new pair of shoes because she has grown out of her old ones.,"Элизабет нужна новая пара обуви, потому что она выросла из старой.",
grow up,phr,взрослеть,When Jack grows up he wants to be a fireman.,"Когда Джек вырастет, он хочет стать пожарным.",
hand something down,phr,передавать вещи другим,I handed my old comic books down to my little cousin.,Я отдал свои старые комиксы младшему двоюродному брату.,
hand something in,phr,сдавать работу,I have to hand in my essay by Friday.,Мне нужно сдать эссе до пятницы.,
hand something out,phr,раздавать группе людей,We will hand out the invitations at the door.,Мы раздадим приглашения у входа.,
hand something over,phr,отдавать (обычно неохотно),The police asked the man to hand over his wallet and his weapons.,Полиция попросила мужчину отдать бумажник и оружие.,
hang in,phr,"держаться, не сдаваться (разг.)",Hang in there. I'm sure you'll find a job very soon.,"Держись. Уверен, ты очень скоро найдёшь работу.",
hang on,phr,подождать немного (разг.),Hang on while I grab my coat and shoes!,"Подожди, пока я возьму пальто и туфли!",
hang out,phr,проводить время неформально (разг.),Instead of going to the party we are just going to hang out at my place.,Вместо вечеринки мы просто посидим у меня дома.,
hang up,phr,вешать трубку,He didn't say goodbye before he hung up.,"Он не попрощался, прежде чем повесить трубку.",
hold somebody/ something back,phr,"удерживать, сдерживать",I had to hold my dog back because there was a cat in the park.,"Мне пришлось удерживать мою собаку, потому что в парке была кошка.",
hold something back,phr,скрывать эмоцию,Jamie held back his tears at his grandfather's funeral.,Джейми сдерживал слёзы на похоронах своего дедушки.,
hold on,phr,подождать,Please hold on while I transfer you to the Sales Department.,"Пожалуйста, подождите, пока я переведу вас на отдел продаж.",
hold onto somebody/ something,phr,крепко держаться,Hold onto your hat because it's very windy outside.,"Держись за шляпу, на улице очень ветрено.",
hold somebody/ something up,phr,грабить,A man in a black mask held the bank up this morning.,Сегодня утром человек в чёрной маске ограбил банк.,
keep on doing something,phr,продолжать что-то делать,Keep on stirring until the liquid comes to a boil.,"Продолжай помешивать, пока жидкость не закипит.",
keep something from somebody,phr,скрывать что-то от кого-то,We kept our relationship from our parents for two years.,Мы скрывали наши отношения от родителей два года.,
keep somebody/ something out,phr,не допускать внутрь,Try to keep the wet dog out of the living room.,Постарайся не пускать мокрую собаку в гостиную.,
keep something up,phr,продолжать в том же темпе,If you keep those results up you will get into a great college.,"Если ты сохранишь такие результаты, то поступишь в отличный колледж.",
let somebody down,phr,подводить,I need you to be on time. Don't let me down this time.,"Мне нужно, чтобы ты пришёл вовремя. Не подведи меня в этот раз.",
let somebody in,phr,впускать,Can you let the cat in before you go to school?,"Можешь впустить кошку, прежде чем пойдёшь в школу?",
log in (or on),phr,входить в систему,I can't log in to Facebook because I've forgotten my password.,"Я не могу войти в Facebook, потому что забыл пароль.",
log out (or off),phr,выходить из системы,If you don't log off somebody could get into your account.,"Если ты не выйдешь из системы, кто-нибудь сможет попасть в твой аккаунт.",
look after somebody/ something,phr,заботиться о ком-то или чём-то,I have to look after my sick grandmother.,Мне нужно ухаживать за больной бабушкой.,
look down on somebody,phr,смотреть на кого-то свысока,Ever since we stole that chocolate bar your dad has looked down on me.,"С тех пор как мы украли тот шоколадный батончик, твой папа смотрит на меня свысока.",
look for somebody/ something,phr,искать,I'm looking for a red dress for the wedding.,Я ищу красное платье на свадьбу.,
look forward to something,phr,с нетерпением ждать чего-то,I'm looking forward to the Christmas break.,Я с нетерпением жду рождественских каникул.,
look into something,phr,"изучать, расследовать",We are going to look into the price of snowboards today.,Сегодня мы изучим цены на сноуборды.,
look out,phr,быть осторожным,Look out! That car's going to hit you!,Осторожно! Та машина сейчас тебя собьёт!,
look out for somebody/ something,phr,высматривать,Don't forget to look out for snakes on the hiking trail.,Не забывай высматривать змей на туристической тропе.,
look something over,phr,"осматривать, проверять",Can you look over my essay for spelling mistakes?,Можешь проверить моё эссе на орфографические ошибки?,
look something up,phr,искать информацию в справочнике или базе,We can look her phone number up on the Internet.,Мы можем найти её номер телефона в интернете.,
look up to somebody,phr,"уважать, восхищаться кем-то",My little sister has always looked up to me.,Моя младшая сестра всегда восхищалась мной.,
make something up,phr,"выдумывать, лгать",Josie made up a story about why we were late.,"Джози выдумала историю о том, почему мы опоздали.",
make up,phr,мириться,"We were angry last night, but we made up at breakfast.","Вчера вечером мы злились друг на друга, но за завтраком помирились.",
make somebody up,phr,"красить кого-то, гримировать",My sisters made me up for my graduation party.,Сёстры накрасили меня к вечеринке по случаю выпускного.,
mix something up,phr,путать что-то,I mixed up the twins' names again!,Я снова перепутал имена близнецов!,
pass away,phr,умирать,His uncle passed away last night after a long illness.,Его дядя скончался вчера ночью после долгой болезни.,
pass out,phr,терять сознание,It was so hot in the church that an elderly lady passed out.,"В церкви было так жарко, что пожилая женщина потеряла сознание.",
pass something out,phr,раздавать одно и то же многим,The professor passed the textbooks out before class.,Профессор раздал учебники перед занятием.,
pass something up,phr,отказываться (обычно от чего-то хорошего),I passed up the job because I am afraid of change.,"Я отказался от работы, потому что боюсь перемен.",
pay somebody back,phr,возвращать долг,Thanks for buying my ticket. I'll pay you back on Friday.,"Спасибо, что купил мне билет. Я верну тебе деньги в пятницу.",
pay for something,phr,поплатиться за что-то плохое,That bully will pay for being mean to my little brother.,"Тот задира поплатится за то, что обижал моего младшего брата.",
pick something out,phr,выбирать,I picked out three sweaters for you to try on.,"Я выбрал три свитера, чтобы ты их примерил.",
point somebody/ something out,phr,указывать пальцем,I'll point my boyfriend out when he runs by.,"Я укажу на своего парня, когда он будет пробегать мимо.",
put something down,phr,положить на поверхность или пол,You can put the groceries down on the kitchen counter.,Можешь положить продукты на кухонную стойку.,
put somebody down,phr,"оскорблять, принижать",The students put the substitute teacher down because his pants were too short.,"Ученики унижали замещающего учителя, потому что у него были слишком короткие брюки.",
put something off,phr,откладывать,We are putting off our trip until January because of the hurricane.,Мы откладываем поездку до января из-за урагана.,
put something out,phr,тушить,The neighbours put the fire out before the firemen arrived.,Соседи потушили пожар до приезда пожарных.,
put something together,phr,"собирать, монтировать",I have to put the crib together before the baby arrives.,Мне нужно собрать детскую кроватку до рождения малыша.,
put up with somebody/ something,phr,терпеть,I don't think I can put up with three small children in the car.,"Не думаю, что смогу вытерпеть троих маленьких детей в машине.",
put something on,phr,надевать,Don't forget to put on your new earrings for the party.,Не забудь надеть новые серьги на вечеринку.,
run into somebody/ something,phr,случайно встретить,I ran into an old school-friend at the mall.,Я случайно встретил старого школьного друга в торговом центре.,
run over somebody/ something,phr,переехать,I accidentally ran over your bicycle in the driveway.,Я случайно переехал твой велосипед на подъездной дорожке.,
run over/ through something,phr,"отрепетировать, повторить",Let's run over/through these lines one more time before the show.,Давай повторим эти реплики ещё раз перед выступлением.,
run away,phr,"уйти неожиданно, сбежать",The child ran away from home and has been missing for three days.,Ребёнок сбежал из дома и отсутствует уже три дня.,
run out,phr,"заканчиваться, иссякать",We ran out of shampoo so I had to wash my hair with soap.,"У нас закончился шампунь, поэтому мне пришлось мыть голову мылом.",
send something back,phr,вернуть обратно (обычно по почте),My letter got sent back to me because I used the wrong stamp.,"Моё письмо вернулось ко мне, потому что я наклеил неправильную марку.",
set something up,phr,"организовывать, устраивать",Our boss set a meeting up with the president of the company.,Наш босс организовал встречу с президентом компании.,
set somebody up,phr,"обмануть, подставить",The police set up the car thief by using a hidden camera.,"Полиция подставила угонщика машин, использовав скрытую камеру.",
shop around,phr,сравнивать цены,I want to shop around a little before I decide on these boots.,"Я хочу немного сравнить цены, прежде чем решиться на эти ботинки.",
show off,phr,"красоваться, хвастаться",He always shows off on his skateboard,Он всегда красуется на своём скейтборде,
sleep over,phr,оставаться ночевать (разг.),You should sleep over tonight if the weather is too bad to drive home.,"Тебе стоит переночевать здесь сегодня, если погода слишком плохая, чтобы ехать домой.",
sort something out,phr,"организовать, разрешить проблему",We need to sort the bills out before the first of the month.,Нам нужно разобраться со счетами до первого числа месяца.,
stick to something,phr,придерживаться чего-либо,You will lose weight if you stick to the diet.,"Ты похудеешь, если будешь придерживаться диеты.",
switch something off,phr,выключать,The light's too bright. Could you switch it off.,Свет слишком яркий. Не мог бы ты его выключить.,
switch something on,phr,включать,We heard the news as soon as we switched on the car radio.,"Мы услышали новости, как только включили автомобильное радио.",
take after somebody,phr,быть похожим на члена семьи,I take after my mother. We are both impatient.,Я похожа на маму. Мы обе нетерпеливые.,
take something apart,phr,разбирать на части,He took the car brakes apart and found the problem.,Он разобрал тормоза машины и нашёл неисправность.,
take something back,phr,возвращать покупку,I have to take our new TV back because it doesn't work.,"Мне придётся вернуть наш новый телевизор, потому что он не работает.",
take off,phr,взлетать,My plane takes off in five minutes.,Мой самолёт взлетает через пять минут.,
take something off,phr,снимать (обычно одежду),Take off your socks and shoes and come in the lake!,Снимай носки и ботинки и заходи в озеро!,
take something out,phr,"выносить, убирать",Can you take the garbage out to the street for me?,Можешь вынести за меня мусор на улицу?,
take somebody out,phr,приглашать куда-либо за свой счёт,My grandparents took us out for dinner and a movie.,Бабушка с дедушкой пригласили нас на ужин и в кино.,
tear something up,phr,рвать на куски,I tore up my ex-boyfriend's letters and gave them back to him.,Я порвала письма бывшего парня и отдала их ему обратно.,
think back,phr,вспоминать,"When I think back on my youth, I wish I had studied harder.","Когда я вспоминаю свою юность, мне жаль, что я не учился усерднее.",
think something over,phr,обдумывать,I'll have to think this job offer over before I make my final decision.,"Мне нужно обдумать это предложение о работе, прежде чем принять окончательное решение.",
throw something away,phr,выбрасывать,We threw our old furniture away when we won the lottery.,"Мы выбросили старую мебель, когда выиграли в лотерею.",
turn something down,phr,убавлять громкость или силу,Please turn the TV down while the guests are here.,"Пожалуйста, убавь телевизор, пока гости здесь.",
turn something down,phr2,отказываться,I turned the job down because I don't want to move.,"Я отказался от работы, потому что не хочу переезжать.",
turn something off,phr,выключать,Your mother wants you to turn the TV off and come for dinner.,"Мама хочет, чтобы ты выключил телевизор и пришёл ужинать.",
turn something on,phr,включать,It's too dark in here. Let's turn some lights on.,Здесь слишком темно. Давай включим свет.,
turn something up,phr,прибавлять громкость или силу,Can you turn the music up? This is my favourite song.,Можешь прибавить музыку? Это моя любимая песня.,
turn up,phr,объявляться неожиданно,Our cat turned up after we put posters up all over the neighbourhood.,"Наш кот объявился после того, как мы развесили объявления по всему району.",
try something on,phr,примерять одежду,"I'm going to try these jeans on, but I don't think they will fit.","Я собираюсь примерить эти джинсы, но не думаю, что они подойдут.",
try something out,phr,"испытывать, тестировать",I am going to try this new brand of detergent out.,Я собираюсь испытать этот новый стиральный порошок.,
use something up,phr,израсходовать полностью,The kids used all of the toothpaste up so we need to buy some more.,"Дети израсходовали всю зубную пасту, нужно купить ещё.",
wake up,phr,просыпаться,We have to wake up early for work on Monday.,Нам приходится вставать рано на работу в понедельник.,
warm somebody/ something up,phr,согревать,You can warm your feet up in front of the fireplace.,Ты можешь согреть ноги у камина.,
warm up,phr,разминаться,I always warm up by doing sit-ups before I go for a run.,"Перед пробежкой я всегда разминаюсь, качая пресс.",
wear off,phr,"сходить на нет, исчезать",Most of my make-up wore off before I got to the party.,"Большая часть моей косметики стёрлась до того, как я добралась до вечеринки.",
work out,phr,тренироваться,I work out at the gym three times a week.,Я тренируюсь в спортзале три раза в неделю.,
work out,phr2,"получаться, удаваться",Our plan worked out fine.,Наш план сработал отлично.,
work something out,phr,"рассчитывать, вычислять",We have to work out the total cost before we buy the house.,"Нам нужно рассчитать общую стоимость, прежде чем покупать дом.",
